case,flow,speed,dspeed,lspeed,comply,ped,cross,shared,oneway,lanes,mark,trees,bollards,width,cross_y,s_width,bench,obst,lev_segr,vis_segr,pedcross,shpedspace,shped
fsbr,330,10.57713507,-5.699469411,-9.42286493,0.528856754,210,30,1,0,2,1,1,1,6,1,3.5,0,0,0,1,0.142857143,0.538461538,0.388888889
fsbr,540,11.37560329,-4.901001191,-8.62439671,0.568780165,540,60,1,0,2,1,1,1,6,1,3.5,0,0,0,1,0.111111111,0.538461538,0.5
fsbr,360,15.71084094,-0.565763541,-4.28915906,0.785542047,210,0,1,0,2,1,1,1,6,1,3.5,0,0,0,1,0,0.538461538,0.368421053
fsbr,180,14.38729847,-1.889306011,-5.61270153,0.719364924,330,90,1,0,2,1,1,1,6,1,3.5,0,0,0,1,0.272727273,0.538461538,0.647058824
fsbr,690,11.99909759,-4.277506891,-8.00090241,0.59995488,210,60,1,0,2,1,1,1,6,1,3.5,0,0,0,1,0.285714286,0.538461538,0.233333333
fsbr,480,16.34118828,0.064583799,-3.65881172,0.817059414,180,30,1,0,2,1,1,1,6,1,3.5,0,0,0,1,0.166666667,0.538461538,0.272727273
fsbr,750,13.90468574,-2.371918741,-6.09531426,0.695234287,180,0,1,0,2,1,1,1,6,1,3.5,0,0,0,1,0,0.538461538,0.193548387
fsbr,570,13.14067097,-3.135933511,-6.85932903,0.657033549,120,60,1,0,2,1,1,1,6,1,3.5,0,0,0,1,0.5,0.538461538,0.173913043
fsbr,420,14.60204255,-1.674561931,-5.39795745,0.730102128,180,90,1,0,2,1,1,1,6,1,3.5,0,0,0,1,0.5,0.538461538,0.3
fsbr,480,14.7852439,-1.491360581,-5.2147561,0.739262195,150,60,1,0,2,1,1,1,6,1,3.5,0,0,0,1,0.4,0.538461538,0.238095238
fsbr,840,15.08525213,-1.191352351,-4.91474787,0.754262607,120,0,1,0,2,1,1,1,6,1,3.5,0,0,0,1,0,0.538461538,0.125
fsbr,570,15.50359927,-0.773005211,-4.49640073,0.775179964,540,60,1,0,2,1,1,1,6,1,3.5,0,0,0,1,0.111111111,0.538461538,0.486486486
fsbr,360,14.75446154,-1.522142941,-5.24553846,0.737723077,300,120,1,0,2,1,1,1,6,1,3.5,0,0,0,1,0.4,0.538461538,0.454545455
fsbr,540,14.70684677,-1.569757711,-5.29315323,0.735342339,330,120,1,0,2,1,1,1,6,1,3.5,0,0,0,1,0.363636364,0.538461538,0.379310345
fsbr,540,15.85250631,-0.424098171,-4.14749369,0.792625316,150,30,1,0,2,1,1,1,6,1,3.5,0,0,0,1,0.2,0.538461538,0.217391304
fsbr,540,16.22799581,-0.048608671,-3.77200419,0.811399791,210,30,1,0,2,1,1,1,6,1,3.5,0,0,0,1,0.142857143,0.538461538,0.28
fsbr,690,14.46485467,-1.811749811,-5.53514533,0.723242734,630,120,1,0,2,1,1,1,6,1,3.5,0,0,0,1,0.19047619,0.538461538,0.477272727
fsbr,510,11.62938995,-4.647214531,-8.37061005,0.581469498,360,60,1,0,2,1,1,1,6,1,3.5,0,0,0,1,0.166666667,0.538461538,0.413793103
fsbr,780,14.19134793,-2.085256551,-5.80865207,0.709567397,210,60,1,0,2,1,1,1,6,1,3.5,0,0,0,1,0.285714286,0.538461538,0.212121212
fsbr,480,16.62691388,0.350309399,-3.37308612,0.831345694,330,90,1,0,2,1,1,1,6,1,3.5,0,0,0,1,0.272727273,0.538461538,0.407407407
fsbr,360,16.24945923,-0.027145251,-3.75054077,0.812472962,150,30,1,0,2,1,1,1,6,1,3.5,0,0,0,1,0.2,0.538461538,0.294117647
fsbr,510,18.14756287,1.870958389,-1.85243713,0.907378144,390,120,1,0,2,1,1,1,6,1,3.5,0,0,0,1,0.307692308,0.538461538,0.433333333
fsbr,510,17.92990251,1.653298029,-2.07009749,0.896495126,390,150,1,0,2,1,1,1,6,1,3.5,0,0,0,1,0.384615385,0.538461538,0.433333333
fsbr,510,11.8646936,-4.411910881,-8.1353064,0.59323468,240,60,1,0,2,1,1,1,6,1,3.5,0,0,0,1,0.25,0.538461538,0.32
fsbr,540,11.18769159,-5.088912891,-8.81230841,0.55938458,300,120,1,0,2,1,1,1,6,1,3.5,0,0,0,1,0.4,0.538461538,0.357142857
fsbr,540,16.99537634,0.718771859,-3.00462366,0.849768817,510,30,1,0,2,1,1,1,6,1,3.5,0,0,0,1,0.058823529,0.538461538,0.485714286
fsbr,660,14.15595324,-2.120651241,-5.84404676,0.707797662,300,60,1,0,2,1,1,1,6,1,3.5,0,0,0,1,0.2,0.538461538,0.3125
fsbr,840,14.74009085,-1.536513631,-5.25990915,0.737004543,480,30,1,0,2,1,1,1,6,1,3.5,0,0,0,1,0.0625,0.538461538,0.363636364
fsbr,630,13.19513386,-3.081470621,-6.80486614,0.659756693,270,150,1,0,2,1,1,1,6,1,3.5,0,0,0,1,0.555555556,0.538461538,0.3
fsbr,510,18.06422629,1.787621809,-1.93577371,0.903211315,360,90,1,0,2,1,1,1,6,1,3.5,0,0,0,1,0.25,0.538461538,0.413793103
fsbr,600,18.34097973,2.064375249,-1.65902027,0.917048987,150,120,1,0,2,1,1,1,6,1,3.5,0,0,0,1,0.8,0.538461538,0.2
fsbr,510,19.08660471,2.810000229,-0.91339529,0.954330236,450,120,1,0,2,1,1,1,6,1,3.5,0,0,0,1,0.266666667,0.538461538,0.46875
fsbr,540,14.22733333,-2.049271151,-5.77266667,0.711366667,180,90,1,0,2,1,1,1,6,1,3.5,0,0,0,1,0.5,0.538461538,0.25
fsbr,300,17.97938043,1.702775949,-2.02061957,0.898969022,90,0,1,0,2,1,1,1,6,1,3.5,0,0,0,1,0,0.538461538,0.230769231
fsbr,510,11.5808283,-4.695776181,-8.4191717,0.579041415,270,90,1,0,2,1,1,1,6,1,3.5,0,0,0,1,0.333333333,0.538461538,0.346153846
fsbr,780,14.3792588,-1.897345681,-5.6207412,0.71896294,300,0,1,0,2,1,1,1,6,1,3.5,0,0,0,1,0,0.538461538,0.277777778
fsbr,630,19.88176358,3.605159099,-0.11823642,0.994088179,150,0,1,0,2,1,1,1,6,1,3.5,0,0,0,1,0,0.538461538,0.192307692
fsbr,450,17.94769186,1.671087379,-2.05230814,0.897384593,420,60,1,0,2,1,1,1,6,1,3.5,0,0,0,1,0.142857143,0.538461538,0.482758621
fsbr,480,21.06235249,4.785748009,1.06235249,1.053117625,330,30,1,0,2,1,1,1,6,1,3.5,0,0,0,1,0.090909091,0.538461538,0.407407407
fsbr,420,12.89959354,-3.377010941,-7.10040646,0.644979677,210,30,1,0,2,1,1,1,6,1,3.5,0,0,0,1,0.142857143,0.538461538,0.333333333
fsbr,300,16.34033945,0.063734969,-3.65966055,0.817016973,360,30,1,0,2,1,1,1,6,1,3.5,0,0,0,1,0.083333333,0.538461538,0.545454545
fsbr,630,19.66533531,3.388730829,-0.33466469,0.983266766,240,60,1,0,2,1,1,1,6,1,3.5,0,0,0,1,0.25,0.538461538,0.275862069
fsbr,630,17.2253568,0.948752319,-2.7746432,0.86126784,270,30,1,0,2,1,1,1,6,1,3.5,0,0,0,1,0.111111111,0.538461538,0.3
fsbr,660,16.55788165,0.281277169,-3.44211835,0.827894083,210,0,1,0,2,1,1,1,6,1,3.5,0,0,0,1,0,0.538461538,0.24137931
fsbr,720,16.76334292,0.486738439,-3.23665708,0.838167146,150,0,1,0,2,1,1,1,6,1,3.5,0,0,0,1,0,0.538461538,0.172413793
fsbr,840,17.60325769,1.326653209,-2.39674231,0.880162885,150,60,1,0,2,1,1,1,6,1,3.5,0,0,0,1,0.4,0.538461538,0.151515152
fsbr,420,17.18041203,0.903807549,-2.81958797,0.859020602,330,90,1,0,2,1,1,1,6,1,3.5,0,0,0,1,0.272727273,0.538461538,0.44
fsbr,480,18.57373358,2.297129099,-1.42626642,0.928686679,420,0,1,0,2,1,1,1,6,1,3.5,0,0,0,1,0,0.538461538,0.466666667
fsbr,510,18.27066458,1.994060099,-1.72933542,0.913533229,360,60,1,0,2,1,1,1,6,1,3.5,0,0,0,1,0.166666667,0.538461538,0.413793103
fsbr,570,19.99725287,3.720648389,-0.00274713,0.999862644,120,0,1,0,2,1,1,1,6,1,3.5,0,0,0,1,0,0.538461538,0.173913043
fsbr,360,17.56635971,1.289755229,-2.43364029,0.878317986,180,60,1,0,2,1,1,1,6,1,3.5,0,0,0,1,0.333333333,0.538461538,0.333333333
fsbr,480,18.8075066,2.530902119,-1.1924934,0.94037533,120,30,1,0,2,1,1,1,6,1,3.5,0,0,0,1,0.25,0.538461538,0.2
fsbr,510,17.04346688,0.766862399,-2.95653312,0.852173344,90,0,1,0,2,1,1,1,6,1,3.5,0,0,0,1,0,0.538461538,0.15
fsbr,420,21.91592433,5.639319849,1.91592433,1.095796217,300,30,1,0,2,1,1,1,6,1,3.5,0,0,0,1,0.1,0.538461538,0.416666667
fsbr,720,17.84188504,1.565280559,-2.15811496,0.892094252,240,0,1,0,2,1,1,1,6,1,3.5,0,0,0,1,0,0.538461538,0.25
fsbr,570,19.48387245,3.207267969,-0.51612755,0.974193623,240,30,1,0,2,1,1,1,6,1,3.5,0,0,0,1,0.125,0.538461538,0.296296296
fsbr,810,15.99649842,-0.280106061,-4.00350158,0.799824921,300,90,1,0,2,1,1,1,6,1,3.5,0,0,0,1,0.3,0.538461538,0.27027027
fsbr,480,19.36196698,3.085362499,-0.63803302,0.968098349,330,90,1,0,2,1,1,1,6,1,3.5,0,0,0,1,0.272727273,0.538461538,0.407407407
fsbr,750,18.3480172,2.071412719,-1.6519828,0.91740086,180,90,1,0,2,1,1,1,6,1,3.5,0,0,0,1,0.5,0.538461538,0.193548387
fsbr,420,20.37347181,4.096867329,0.37347181,1.018673591,120,30,1,0,2,1,1,1,6,1,3.5,0,0,0,1,0.25,0.538461538,0.222222222
fsbr,510,16.80167024,0.525065759,-3.19832976,0.840083512,360,30,1,0,2,1,1,1,6,1,3.5,0,0,0,1,0.083333333,0.538461538,0.413793103
fsbr,660,18.70856596,2.431961479,-1.29143404,0.935428298,330,0,1,0,2,1,1,1,6,1,3.5,0,0,0,1,0,0.538461538,0.333333333
fsbr,510,14.32017241,-1.956432071,-5.67982759,0.716008621,660,30,1,0,2,1,1,1,6,1,3.5,0,0,0,1,0.045454545,0.538461538,0.564102564
fsbr,240,21.17287966,4.896275179,1.17287966,1.058643983,210,30,1,0,2,1,1,1,6,1,3.5,0,0,0,1,0.142857143,0.538461538,0.466666667
lsho,120,11.67489489,2.733816868,1.67489489,1.167489489,60,0,1,1,1,1,1,0,3,0,3,1,0,0,1,0,0.666666667,0.333333333
lsho,30,0,-8.941078022,-10,1,120,60,1,1,1,1,1,0,3,0,3,1,0,0,1,0.5,0.666666667,0.8
lsho,150,9.0652,0.124121978,-0.9348,0.90652,60,0,1,1,1,1,1,0,3,0,3,1,0,0,1,0,0.666666667,0.285714286
lsho,330,9.466775701,0.525697679,-0.533224299,0.94667757,120,0,1,1,1,1,1,0,3,0,3,1,0,0,1,0,0.666666667,0.266666667
lsho,270,9.595907384,0.654829362,-0.404092616,0.959590738,90,30,1,1,1,1,1,0,3,0,3,1,0,0,1,0.333333333,0.666666667,0.25
lsho,120,9.902747748,0.961669726,-0.097252252,0.990274775,120,90,1,1,1,1,1,0,3,0,3,1,0,0,1,0.75,0.666666667,0.5
lsho,240,11.16364228,2.222564258,1.16364228,1.116364228,150,60,1,1,1,1,1,0,3,0,3,1,0,0,1,0.4,0.666666667,0.384615385
lsho,270,11.6406338,2.699555778,1.6406338,1.16406338,150,60,1,1,1,1,1,0,3,0,3,1,0,0,1,0.4,0.666666667,0.357142857
lsho,180,9.764039735,0.822961713,-0.235960265,0.976403974,60,0,1,1,1,1,1,0,3,0,3,1,0,0,1,0,0.666666667,0.25
lsho,300,9.94543722,1.004359198,-0.05456278,0.994543722,90,0,1,1,1,1,1,0,3,0,3,1,0,0,1,0,0.666666667,0.230769231
lsho,240,9.450304,0.509225978,-0.549696,0.9450304,150,0,1,1,1,1,1,0,3,0,3,1,0,0,1,0,0.666666667,0.384615385
lsho,150,10.39151079,1.450432768,0.39151079,1.039151079,210,0,1,1,1,1,1,0,3,0,3,1,0,0,1,0,0.666666667,0.583333333
lsho,150,6.176868217,-2.764209805,-3.823131783,0.617686822,330,120,1,1,1,1,1,0,3,0,3,1,0,0,1,0.363636364,0.666666667,0.6875
lsho,120,8.367343096,-0.573734926,-1.632656904,0.83673431,240,90,1,1,1,1,1,0,3,0,3,1,0,0,1,0.375,0.666666667,0.666666667
lsho,120,10.97897436,2.037896338,0.97897436,1.097897436,90,0,1,1,1,1,1,0,3,0,3,1,0,0,1,0,0.666666667,0.428571429
lsho,120,14.32721014,5.386132118,4.32721014,1.432721014,90,0,1,1,1,1,1,0,3,0,3,1,0,0,1,0,0.666666667,0.428571429
lsho,150,9.145675676,0.204597654,-0.854324324,0.914567568,210,60,1,1,1,1,1,0,3,0,3,1,0,0,1,0.285714286,0.666666667,0.583333333
lsho,90,7.967410359,-0.973667663,-2.032589641,0.796741036,210,30,1,1,1,1,1,0,3,0,3,1,0,0,1,0.142857143,0.666666667,0.7
lsho,180,9.455926829,0.514848807,-0.544073171,0.945592683,150,30,1,1,1,1,1,0,3,0,3,1,0,0,1,0.2,0.666666667,0.454545455
lsho,90,10.59535354,1.654275518,0.59535354,1.059535354,270,30,1,1,1,1,1,0,3,0,3,1,0,0,1,0.111111111,0.666666667,0.75
lsho,60,7.407607362,-1.53347066,-2.592392638,0.740760736,270,120,1,1,1,1,1,0,3,0,3,1,0,0,1,0.444444444,0.666666667,0.818181818
lsho,60,10.04442211,1.103344088,0.04442211,1.004442211,150,60,1,1,1,1,1,0,3,0,3,1,0,0,1,0.4,0.666666667,0.714285714
lsho,270,8.830790698,-0.110287324,-1.169209302,0.88307907,90,30,1,1,1,1,1,0,3,0,3,1,0,0,1,0.333333333,0.666666667,0.25
lsho,120,9.163771429,0.222693407,-0.836228571,0.916377143,210,90,1,1,1,1,1,0,3,0,3,1,0,0,1,0.428571429,0.666666667,0.636363636
lsho,270,9.39251773,0.451439708,-0.60748227,0.939251773,180,30,1,1,1,1,1,0,3,0,3,1,0,0,1,0.166666667,0.666666667,0.4
lsho,90,10.36973684,1.428658818,0.36973684,1.036973684,210,60,1,1,1,1,1,0,3,0,3,1,0,0,1,0.285714286,0.666666667,0.7
lsho,120,10.49459384,1.553515818,0.49459384,1.049459384,120,30,1,1,1,1,1,0,3,0,3,1,0,0,1,0.25,0.666666667,0.5
lsho,150,9.429951923,0.488873901,-0.570048077,0.942995192,150,0,1,1,1,1,1,0,3,0,3,1,0,0,1,0,0.666666667,0.5
lsho,180,8.957991453,0.016913431,-1.042008547,0.895799145,270,0,1,1,1,1,1,0,3,0,3,1,0,0,1,0,0.666666667,0.6
lsho,150,10.83206081,1.890982788,0.83206081,1.083206081,30,0,1,1,1,1,1,0,3,0,3,1,0,0,1,0,0.666666667,0.166666667
lsho,270,7.251535088,-1.689542934,-2.748464912,0.725153509,150,0,1,1,1,1,1,0,3,0,3,1,0,0,1,0,0.666666667,0.357142857
lsho,210,6.298373016,-2.642705006,-3.701626984,0.629837302,330,60,1,1,1,1,1,0,3,0,3,1,0,0,1,0.181818182,0.666666667,0.611111111
lsho,210,9.772318008,0.831239986,-0.227681992,0.977231801,60,0,1,1,1,1,1,0,3,0,3,1,0,0,1,0,0.666666667,0.222222222
lsho,150,8.906413793,-0.034664229,-1.093586207,0.890641379,90,30,1,1,1,1,1,0,3,0,3,1,0,0,1,0.333333333,0.666666667,0.375
lsho,240,8.991312217,0.050234195,-1.008687783,0.899131222,150,30,1,1,1,1,1,0,3,0,3,1,0,0,1,0.2,0.666666667,0.384615385
lsho,120,9.432428571,0.491350549,-0.567571429,0.943242857,300,0,1,1,1,1,1,0,3,0,3,1,0,0,1,0,0.666666667,0.714285714
lsho,300,9.800441176,0.859363154,-0.199558824,0.980044118,270,180,1,1,1,1,1,0,3,0,3,1,0,0,1,0.666666667,0.666666667,0.473684211
lsho,210,9.279401198,0.338323176,-0.720598802,0.92794012,180,0,1,1,1,1,1,0,3,0,3,1,0,0,1,0,0.666666667,0.461538462
lsho,90,13.09605263,4.154974608,3.09605263,1.309605263,180,60,1,1,1,1,1,0,3,0,3,1,0,0,1,0.333333333,0.666666667,0.666666667
lsho,90,9.575582524,0.634504502,-0.424417476,0.957558252,150,30,1,1,1,1,1,0,3,0,3,1,0,0,1,0.2,0.666666667,0.625
lsho,180,9.870884211,0.929806189,-0.129115789,0.987088421,90,0,1,1,1,1,1,0,3,0,3,1,0,0,1,0,0.666666667,0.333333333
lsho,240,4.537247387,-4.403830635,-5.462752613,0.453724739,240,30,1,1,1,1,1,0,3,0,3,1,0,0,1,0.125,0.666666667,0.5
lsho,240,6.093779528,-2.847298494,-3.906220472,0.609377953,90,0,1,1,1,1,1,0,3,0,3,1,0,0,1,0,0.666666667,0.272727273
lsho,180,9.316057234,0.374979212,-0.683942766,0.931605723,240,0,1,1,1,1,1,0,3,0,3,1,0,0,1,0,0.666666667,0.571428571
lsho,210,8.476800502,-0.46427752,-1.523199498,0.84768005,240,60,1,1,1,1,1,0,3,0,3,1,0,0,1,0.25,0.666666667,0.533333333
lsho,120,7.728753247,-1.212324775,-2.271246753,0.772875325,360,30,1,1,1,1,1,0,3,0,3,1,0,0,1,0.083333333,0.666666667,0.75
lsho,240,7.68380791,-1.257270112,-2.31619209,0.768380791,180,60,1,1,1,1,1,0,3,0,3,1,0,0,1,0.333333333,0.666666667,0.428571429
lsho,90,10.23861702,1.297538998,0.23861702,1.023861702,420,180,1,1,1,1,1,0,3,0,3,1,0,0,1,0.428571429,0.666666667,0.823529412
lsho,360,6.951367292,-1.98971073,-3.048632708,0.695136729,330,90,1,1,1,1,1,0,3,0,3,1,0,0,1,0.272727273,0.666666667,0.47826087
lsho,270,9.38465736,0.443579338,-0.61534264,0.938465736,480,60,1,1,1,1,1,0,3,0,3,1,0,0,1,0.125,0.666666667,0.64
lsho,240,9.779182609,0.838104587,-0.220817391,0.977918261,330,30,1,1,1,1,1,0,3,0,3,1,0,0,1,0.090909091,0.666666667,0.578947368
lsho,270,7.527342048,-1.413735974,-2.472657952,0.752734205,180,30,1,1,1,1,1,0,3,0,3,1,0,0,1,0.166666667,0.666666667,0.4
lsho,180,5.603574561,-3.337503461,-4.396425439,0.560357456,240,60,1,1,1,1,1,0,3,0,3,1,0,0,1,0.25,0.666666667,0.571428571
lsho,240,6.636090794,-2.304987228,-3.363909206,0.663609079,300,30,1,1,1,1,1,0,3,0,3,1,0,0,1,0.1,0.666666667,0.555555556
lsho,330,8.345592287,-0.595485735,-1.654407713,0.834559229,240,0,1,1,1,1,1,0,3,0,3,1,0,0,1,0,0.666666667,0.421052632
lsho,240,8.019131054,-0.921946968,-1.980868946,0.801913105,150,60,1,1,1,1,1,0,3,0,3,1,0,0,1,0.4,0.666666667,0.384615385
lsho,240,9.150833333,0.209755311,-0.849166667,0.915083333,180,30,1,1,1,1,1,0,3,0,3,1,0,0,1,0.166666667,0.666666667,0.428571429
lsho,150,6.789946237,-2.151131785,-3.210053763,0.678994624,90,30,1,1,1,1,1,0,3,0,3,1,0,0,1,0.333333333,0.666666667,0.375
lsho,60,8.009918033,-0.931159989,-1.990081967,0.800991803,210,120,1,1,1,1,1,0,3,0,3,1,0,0,1,0.571428571,0.666666667,0.777777778
lsho,210,9.931791045,0.990713023,-0.068208955,0.993179105,120,60,1,1,1,1,1,0,3,0,3,1,0,0,1,0.5,0.666666667,0.363636364
lsho,120,11.18883077,2.247752748,1.18883077,1.118883077,180,60,1,1,1,1,1,0,3,0,3,1,0,0,1,0.333333333,0.666666667,0.6
lsho,300,8.526055777,-0.415022245,-1.473944223,0.852605578,180,0,1,1,1,1,1,0,3,0,3,1,0,0,1,0,0.666666667,0.375
lsho,90,8.409050847,-0.532027175,-1.590949153,0.840905085,180,30,1,1,1,1,1,0,3,0,3,1,0,0,1,0.166666667,0.666666667,0.666666667
lsho,210,10.04197987,1.100901848,0.04197987,1.004197987,150,30,1,1,1,1,1,0,3,0,3,1,0,0,1,0.2,0.666666667,0.416666667
lsho,120,6.334899083,-2.606178939,-3.665100917,0.633489908,210,60,1,1,1,1,1,0,3,0,3,1,0,0,1,0.285714286,0.666666667,0.636363636
lsho,120,9.131801242,0.19072322,-0.868198758,0.913180124,150,0,1,1,1,1,1,0,3,0,3,1,0,0,1,0,0.666666667,0.555555556
mke,90,9.754612069,-3.458040919,-10.24538793,0.487730603,300,30,1,0,2,1,0,1,6,0,3.5,1,1,1,1,0.1,0.538461538,0.769230769
mke,150,17.50925439,4.296601402,-2.49074561,0.87546272,240,60,1,0,2,1,0,1,6,0,3.5,1,1,1,1,0.25,0.538461538,0.615384615
mke,150,16.432827,3.220174012,-3.567173,0.82164135,360,0,1,0,2,1,0,1,6,0,3.5,1,1,1,1,0,0.538461538,0.705882353
mke,30,11.9825,-1.230152988,-8.0175,0.599125,240,0,1,0,2,1,0,1,6,0,3.5,1,1,1,1,0,0.538461538,0.888888889
mke,150,14.93285714,1.720204152,-5.06714286,0.746642857,240,90,1,0,2,1,0,1,6,0,3.5,1,1,1,1,0.375,0.538461538,0.615384615
mke,270,17.69424859,4.481595602,-2.30575141,0.88471243,210,60,1,0,2,1,0,1,6,0,3.5,1,1,1,1,0.285714286,0.538461538,0.4375
mke,0,0,-13.21265299,-20,1,510,180,1,0,2,1,0,1,6,0,3.5,1,1,1,1,0.352941176,0.538461538,1
mke,150,15.2122061,1.999553112,-4.7877939,0.760610305,390,30,1,0,2,1,0,1,6,0,3.5,1,1,1,1,0.076923077,0.538461538,0.722222222
mke,150,18.49470914,5.282056152,-1.50529086,0.924735457,570,90,1,0,2,1,0,1,6,0,3.5,1,1,1,1,0.157894737,0.538461538,0.791666667
mke,30,6.785384615,-6.427268373,-13.21461539,0.339269231,480,180,1,0,2,1,0,1,6,0,3.5,1,1,1,1,0.375,0.538461538,0.941176471
mke,90,21.70362162,8.490968632,1.70362162,1.085181081,390,120,1,0,2,1,0,1,6,0,3.5,1,1,1,1,0.307692308,0.538461538,0.8125
mke,60,9.056606061,-4.156046927,-10.94339394,0.452830303,390,240,1,0,2,1,0,1,6,0,3.5,1,1,1,1,0.615384615,0.538461538,0.866666667
mke,90,12.98410714,-0.228545848,-7.01589286,0.649205357,600,180,1,0,2,1,0,1,6,0,3.5,1,1,1,1,0.3,0.538461538,0.869565217
mke,150,12.61092827,-0.601724718,-7.38907173,0.630546414,600,210,1,0,2,1,0,1,6,0,3.5,1,1,1,1,0.35,0.538461538,0.8
mke,240,16.01202033,2.799367342,-3.98797967,0.800601017,630,90,1,0,2,1,0,1,6,0,3.5,1,1,1,1,0.142857143,0.538461538,0.724137931
mke,150,16.7767803,3.564127312,-3.2232197,0.838839015,540,210,1,0,2,1,0,1,6,0,3.5,1,1,1,1,0.388888889,0.538461538,0.782608696
mke,180,13.6287044,0.416051412,-6.3712956,0.68143522,420,90,1,0,2,1,0,1,6,0,3.5,1,1,1,1,0.214285714,0.538461538,0.7
mke,0,0,-13.21265299,-20,1,420,180,1,0,2,1,0,1,6,0,3.5,1,1,1,1,0.428571429,0.538461538,1
mke,120,14.95992793,1.747274942,-5.04007207,0.747996397,660,180,1,0,2,1,0,1,6,0,3.5,1,1,1,1,0.272727273,0.538461538,0.846153846
mke,90,21.51788321,8.305230222,1.51788321,1.075894161,570,30,1,0,2,1,0,1,6,0,3.5,1,1,1,1,0.052631579,0.538461538,0.863636364
mke,120,13.57945111,0.366798122,-6.42054889,0.678972556,420,180,1,0,2,1,0,1,6,0,3.5,1,1,1,1,0.428571429,0.538461538,0.777777778
mke,90,21.88555556,8.672902572,1.88555556,1.094277778,300,30,1,0,2,1,0,1,6,0,3.5,1,1,1,1,0.1,0.538461538,0.769230769
mke,90,21.15593103,7.943278042,1.15593103,1.057796552,510,180,1,0,2,1,0,1,6,0,3.5,1,1,1,1,0.352941176,0.538461538,0.85
mke,180,12.29725864,-0.915394348,-7.70274136,0.614862932,450,60,1,0,2,1,0,1,6,0,3.5,1,1,1,1,0.133333333,0.538461538,0.714285714
mke,90,12.78895623,-0.423696758,-7.21104377,0.639447812,420,90,1,0,2,1,0,1,6,0,3.5,1,1,1,1,0.214285714,0.538461538,0.823529412
mke,120,9.157678571,-4.054974417,-10.84232143,0.457883929,360,150,1,0,2,1,0,1,6,0,3.5,1,1,1,1,0.416666667,0.538461538,0.75
mke,120,2.951882353,-10.26077063,-17.04811765,0.147594118,600,120,1,0,2,1,0,1,6,0,3.5,1,1,1,1,0.2,0.538461538,0.833333333
mke,90,10.13578544,-3.076867548,-9.86421456,0.506789272,600,60,1,0,2,1,0,1,6,0,3.5,1,1,1,1,0.1,0.538461538,0.869565217
mke,120,14.89904382,1.686390832,-5.10095618,0.744952191,510,90,1,0,2,1,0,1,6,0,3.5,1,1,1,1,0.176470588,0.538461538,0.80952381
mke,150,21.70486486,8.492211872,1.70486486,1.085243243,360,210,1,0,2,1,0,1,6,0,3.5,1,1,1,1,0.583333333,0.538461538,0.705882353
mke,120,12.23189781,-0.980755178,-7.76810219,0.611594891,540,90,1,0,2,1,0,1,6,0,3.5,1,1,1,1,0.166666667,0.538461538,0.818181818
mke,120,12.87753521,-0.335117778,-7.12246479,0.643876761,630,180,1,0,2,1,0,1,6,0,3.5,1,1,1,1,0.285714286,0.538461538,0.84
mke,210,13.22435811,0.011705122,-6.77564189,0.661217906,540,90,1,0,2,1,0,1,6,0,3.5,1,1,1,1,0.166666667,0.538461538,0.72
mke,120,7.448966725,-5.763686263,-12.55103328,0.372448336,480,180,1,0,2,1,0,1,6,0,3.5,1,1,1,1,0.375,0.538461538,0.8
mke,120,14.10931973,0.896666742,-5.89068027,0.705465987,810,360,1,0,2,1,0,1,6,0,3.5,1,1,1,1,0.444444444,0.538461538,0.870967742
mke,30,11.4222549,-1.790398088,-8.5777451,0.571112745,510,270,1,0,2,1,0,1,6,0,3.5,1,1,1,1,0.529411765,0.538461538,0.944444444
mke,30,0,-13.21265299,-20,1,660,210,1,0,2,1,0,1,6,0,3.5,1,1,1,1,0.318181818,0.538461538,0.956521739
mke,60,11.61725389,-1.595399098,-8.38274611,0.580862695,600,180,1,0,2,1,0,1,6,0,3.5,1,1,1,1,0.3,0.538461538,0.909090909
mke,30,20.0744898,6.861836812,0.0744898,1.00372449,600,270,1,0,2,1,0,1,6,0,3.5,1,1,1,1,0.45,0.538461538,0.952380952
mke,90,26.06026667,12.84761368,6.06026667,1.303013334,600,150,1,0,2,1,0,1,6,0,3.5,1,1,1,1,0.25,0.538461538,0.869565217
mke,120,20.12829596,6.915642972,0.12829596,1.006414798,720,270,1,0,2,1,0,1,6,0,3.5,1,1,1,1,0.375,0.538461538,0.857142857
mke,240,12.16564151,-1.047011478,-7.83435849,0.608282076,600,210,1,0,2,1,0,1,6,0,3.5,1,1,1,1,0.35,0.538461538,0.714285714
mke,210,13.04173285,-0.170920138,-6.95826715,0.652086643,810,210,1,0,2,1,0,1,6,0,3.5,1,1,1,1,0.259259259,0.538461538,0.794117647
mke,30,21.865,8.652347012,1.865,1.09325,660,180,1,0,2,1,0,1,6,0,3.5,1,1,1,1,0.272727273,0.538461538,0.956521739
mke,90,11.50642857,-1.706224418,-8.49357143,0.575321429,330,150,1,0,2,1,0,1,6,0,3.5,1,1,1,1,0.454545455,0.538461538,0.785714286
mke,60,0,-13.21265299,-20,1,480,150,1,0,2,1,0,1,6,0,3.5,1,1,1,1,0.3125,0.538461538,0.888888889
mke,150,16.47290237,3.260249382,-3.52709763,0.823645119,870,330,1,0,2,1,0,1,6,0,3.5,1,1,1,1,0.379310345,0.538461538,0.852941176
mke,90,17.14450402,3.931851032,-2.85549598,0.857225201,510,150,1,0,2,1,0,1,6,0,3.5,1,1,1,1,0.294117647,0.538461538,0.85
mke,60,17.6332906,4.420637612,-2.3667094,0.88166453,510,150,1,0,2,1,0,1,6,0,3.5,1,1,1,1,0.294117647,0.538461538,0.894736842
mke,210,13.36146368,0.148810692,-6.63853632,0.668073184,540,210,1,0,2,1,0,1,6,0,3.5,1,1,1,1,0.388888889,0.538461538,0.72
mke,270,13.39253867,0.179885682,-6.60746133,0.669626934,390,0,1,0,2,1,0,1,6,0,3.5,1,1,1,1,0,0.538461538,0.590909091
mke,60,13.384,0.171347012,-6.616,0.6692,420,90,1,0,2,1,0,1,6,0,3.5,1,1,1,1,0.214285714,0.538461538,0.875
mke,180,10.83910931,-2.373543678,-9.16089069,0.541955466,420,60,1,0,2,1,0,1,6,0,3.5,1,1,1,1,0.142857143,0.538461538,0.7
mke,120,7.368788501,-5.843864487,-12.6312115,0.368439425,900,210,1,0,2,1,0,1,6,0,3.5,1,1,1,1,0.233333333,0.538461538,0.882352941
mke,0,0,-13.21265299,-20,1,420,150,1,0,2,1,0,1,6,0,3.5,1,1,1,1,0.357142857,0.538461538,1
mke,90,15.14430079,1.931647802,-4.85569921,0.75721504,450,120,1,0,2,1,0,1,6,0,3.5,1,1,1,1,0.266666667,0.538461538,0.833333333
mke,180,15.35505396,2.142400972,-4.64494604,0.767752698,570,90,1,0,2,1,0,1,6,0,3.5,1,1,1,1,0.157894737,0.538461538,0.76
mke,150,12.19629988,-1.016353108,-7.80370012,0.609814994,540,240,1,0,2,1,0,1,6,0,3.5,1,1,1,1,0.444444444,0.538461538,0.782608696
mke,120,13.3931713,0.180518312,-6.6068287,0.669658565,480,120,1,0,2,1,0,1,6,0,3.5,1,1,1,1,0.25,0.538461538,0.8
mke,300,8.099270315,-5.113382673,-11.90072969,0.404963516,660,300,1,0,2,1,0,1,6,0,3.5,1,1,1,1,0.454545455,0.538461538,0.6875
mke,120,22.85381503,9.641162042,2.85381503,1.142690752,630,240,1,0,2,1,0,1,6,0,3.5,1,1,1,1,0.380952381,0.538461538,0.84
mke,150,11.95607558,-1.256577408,-8.04392442,0.597803779,690,210,1,0,2,1,0,1,6,0,3.5,1,1,1,1,0.304347826,0.538461538,0.821428571
mke,180,14.35884161,1.146188622,-5.64115839,0.717942081,780,240,1,0,2,1,0,1,6,0,3.5,1,1,1,1,0.307692308,0.538461538,0.8125
mke,210,8.283426501,-4.929226487,-11.7165735,0.414171325,540,270,1,0,2,1,0,1,6,0,3.5,1,1,1,1,0.5,0.538461538,0.72
mke,240,11.20656442,-2.006088568,-8.79343558,0.560328221,120,60,1,0,2,1,0,1,6,0,3.5,1,1,1,1,0.5,0.538461538,0.333333333
shnaf,375,17.5,-7.548571429,-12.5,0.583333333,150,210,1,1,1,0,0,1,4.5,0,6.25,0,1,1,0,1.4,0.735294118,0.285714286
shnaf,68.18181818,17,-8.048571429,-13,0.566666667,210,180,1,1,1,0,0,1,4.5,0,6.25,0,1,1,0,0.857142857,0.735294118,0.754901961
shnaf,300,30.8,5.751428571,0.8,1.026666667,450,90,1,1,1,0,0,1,4.5,0,6.25,0,1,1,0,0.2,0.735294118,0.6
shnaf,176.4705882,26.75,1.701428571,-3.25,0.891666667,360,60,1,1,1,0,0,1,4.5,0,6.25,0,1,1,0,0.166666667,0.735294118,0.671052632
shnaf,113.2075472,41,15.95142857,11,1.366666667,330,90,1,1,1,0,0,1,4.5,0,6.25,0,1,1,0,0.272727273,0.735294118,0.744572158
shnaf,272.7272727,19.5,-5.548571429,-10.5,0.65,150,90,1,1,1,0,0,1,4.5,0,6.25,0,1,1,0,0.6,0.735294118,0.35483871
shnaf,142.8571429,23,-2.048571429,-7,0.766666667,120,60,1,1,1,0,0,1,4.5,0,6.25,0,1,1,0,0.5,0.735294118,0.456521739
shnaf,162.1621622,38,12.95142857,8,1.266666667,180,30,1,1,1,0,0,1,4.5,0,6.25,0,1,1,0,0.166666667,0.735294118,0.526066351
shnaf,139.5348837,21,-4.048571429,-9,0.7,180,120,1,1,1,0,0,1,4.5,0,6.25,0,1,1,0,0.666666667,0.735294118,0.563318777
shnaf,60,24,-1.048571429,-6,0.8,60,30,1,1,1,0,0,1,4.5,0,6.25,0,1,1,0,0.5,0.735294118,0.5
shnaf,105.2631579,25.33,0.281428571,-4.67,0.844333333,240,30,1,1,1,0,0,1,4.5,0,6.25,0,1,1,0,0.125,0.735294118,0.695121951
shnaf,375,16,-9.048571429,-14,0.533333333,210,120,1,1,1,0,0,1,4.5,0,6.25,0,1,1,0,0.571428571,0.735294118,0.358974359
shnaf,166.6666667,25.33,0.281428571,-4.67,0.844333333,360,90,1,1,1,0,0,1,4.5,0,6.25,0,1,1,0,0.25,0.735294118,0.683544304
shnaf,150,31,5.951428571,1,1.033333333,330,120,1,1,1,0,0,1,4.5,0,6.25,0,1,1,0,0.363636364,0.735294118,0.6875
shnaf,260.8695652,20.33,-4.718571429,-9.67,0.677666667,240,180,1,1,1,0,0,1,4.5,0,6.25,0,1,1,0,0.75,0.735294118,0.479166667
shnaf,315.7894737,20,-5.048571429,-10,0.666666667,540,150,1,1,1,0,0,1,4.5,0,6.25,0,1,1,0,0.277777778,0.735294118,0.63099631
shnaf,86.95652174,21,-4.048571429,-9,0.7,600,180,1,1,1,0,0,1,4.5,0,6.25,0,1,1,0,0.3,0.735294118,0.873417722
shnaf,428.5714286,23.83,-1.218571429,-6.17,0.794333333,390,90,1,1,1,0,0,1,4.5,0,6.25,0,1,1,0,0.230769231,0.735294118,0.476439791
shnaf,222.2222222,27.5,2.451428571,-2.5,0.916666667,180,60,1,1,1,0,0,1,4.5,0,6.25,0,1,1,0,0.333333333,0.735294118,0.447513812
shnaf,200,22.25,-2.798571429,-7.75,0.741666667,360,180,1,1,1,0,0,1,4.5,0,6.25,0,1,1,0,0.5,0.735294118,0.642857143
shnaf,150,19,-6.048571429,-11,0.633333333,120,30,1,1,1,0,0,1,4.5,0,6.25,0,1,1,0,0.25,0.735294118,0.444444444
shnaf,500,28,2.951428571,-2,0.933333333,180,60,1,1,1,0,0,1,4.5,0,6.25,0,1,1,0,0.333333333,0.735294118,0.264705882
shnaf,600,30,4.951428571,0,1,180,90,1,1,1,0,0,1,4.5,0,6.25,0,1,1,0,0.5,0.735294118,0.230769231
shnaf,92.30769231,18,-7.048571429,-12,0.6,360,30,1,1,1,0,0,1,4.5,0,6.25,0,1,1,0,0.083333333,0.735294118,0.795918367
shnaf,60,24,-1.048571429,-6,0.8,120,90,1,1,1,0,0,1,4.5,0,6.25,0,1,1,0,0.75,0.735294118,0.666666667
shnaf,139.5348837,14.5,-10.54857143,-15.5,0.483333333,360,150,1,1,1,0,0,1,4.5,0,6.25,0,1,1,0,0.416666667,0.735294118,0.720670391
shnaf,122.4489796,25.67,0.621428571,-4.33,0.855666667,390,240,1,1,1,0,0,1,4.5,0,6.25,0,1,1,0,0.615384615,0.735294118,0.761051374
shnaf,95.23809524,23,-2.048571429,-7,0.766666667,210,180,1,1,1,0,0,1,4.5,0,6.25,0,1,1,0,0.857142857,0.735294118,0.68798752
shnaf,60,24,-1.048571429,-6,0.8,510,120,1,1,1,0,0,1,4.5,0,6.25,0,1,1,0,0.235294118,0.735294118,0.894736842
shnaf,105.2631579,30,4.951428571,0,1,330,180,1,1,1,0,0,1,4.5,0,6.25,0,1,1,0,0.545454545,0.735294118,0.758162031
shnaf,187.5,15,-10.04857143,-15,0.5,180,210,1,1,1,0,0,1,4.5,0,6.25,0,1,1,0,1.166666667,0.735294118,0.489795918
shnaf,60,24,-1.048571429,-6,0.8,660,210,1,1,1,0,0,1,4.5,0,6.25,0,1,1,0,0.318181818,0.735294118,0.916666667
shnaf,139.5348837,31,5.951428571,1,1.033333333,180,210,1,1,1,0,0,1,4.5,0,6.25,0,1,1,0,1.166666667,0.735294118,0.563318777
shnaf,162.1621622,20.33,-4.718571429,-9.67,0.677666667,330,120,1,1,1,0,0,1,4.5,0,6.25,0,1,1,0,0.363636364,0.735294118,0.670510708
shnaf,250,24.5,-0.548571429,-5.5,0.816666667,330,120,1,1,1,0,0,1,4.5,0,6.25,0,1,1,0,0.363636364,0.735294118,0.568965517
shnaf,315.7894737,21,-4.048571429,-9,0.7,180,60,1,1,1,0,0,1,4.5,0,6.25,0,1,1,0,0.333333333,0.735294118,0.363057325
shnaf,146.3414634,20.5,-4.548571429,-9.5,0.683333333,540,210,1,1,1,0,0,1,4.5,0,6.25,0,1,1,0,0.388888889,0.735294118,0.786780384
shnaf,461.5384615,31,5.951428571,1,1.033333333,570,150,1,1,1,0,0,1,4.5,0,6.25,0,1,1,0,0.263157895,0.735294118,0.552572707
shnaf,65.2173913,23,-2.048571429,-7,0.766666667,540,150,1,1,1,0,0,1,4.5,0,6.25,0,1,1,0,0.277777778,0.735294118,0.892241379
shnaf,142.8571429,36.5,11.45142857,6.5,1.216666667,540,150,1,1,1,0,0,1,4.5,0,6.25,0,1,1,0,0.277777778,0.735294118,0.790794979
shnaf,142.8571429,32,6.951428571,2,1.066666667,120,90,1,1,1,0,0,1,4.5,0,6.25,0,1,1,0,0.75,0.735294118,0.456521739
shnaf,127.6595745,27.67,2.621428571,-2.33,0.922333333,150,30,1,1,1,0,0,1,4.5,0,6.25,0,1,1,0,0.2,0.735294118,0.540229885
shnaf,60,24,-1.048571429,-6,0.8,450,150,1,1,1,0,0,1,4.5,0,6.25,0,1,1,0,0.333333333,0.735294118,0.882352941
shnaf,146.3414634,24,-1.048571429,-6,0.8,150,30,1,1,1,0,0,1,4.5,0,6.25,0,1,1,0,0.2,0.735294118,0.50617284
shnaf,133.3333333,31,5.951428571,1,1.033333333,270,30,1,1,1,0,0,1,4.5,0,6.25,0,1,1,0,0.111111111,0.735294118,0.669421488
shnaf,250,26,0.951428571,-4,0.866666667,300,150,1,1,1,0,0,1,4.5,0,6.25,0,1,1,0,0.5,0.735294118,0.545454545
shnaf,127.6595745,32,6.951428571,2,1.066666667,180,30,1,1,1,0,0,1,4.5,0,6.25,0,1,1,0,0.166666667,0.735294118,0.585062241
shnaf,60,24,-1.048571429,-6,0.8,390,120,1,1,1,0,0,1,4.5,0,6.25,0,1,1,0,0.307692308,0.735294118,0.866666667
shnaf,127.6595745,35,9.951428571,5,1.166666667,420,60,1,1,1,0,0,1,4.5,0,6.25,0,1,1,0,0.142857143,0.735294118,0.766899767
shnaf,60,24,-1.048571429,-6,0.8,210,60,1,1,1,0,0,1,4.5,0,6.25,0,1,1,0,0.285714286,0.735294118,0.777777778
shnaf,60,24,-1.048571429,-6,0.8,270,240,1,1,1,0,0,1,4.5,0,6.25,0,1,1,0,0.888888889,0.735294118,0.818181818
shnaf,240,29.5,4.451428571,-0.5,0.983333333,390,90,1,1,1,0,0,1,4.5,0,6.25,0,1,1,0,0.230769231,0.735294118,0.619047619
shnaf,300,14,-11.04857143,-16,0.466666667,480,150,1,1,1,0,0,1,4.5,0,6.25,0,1,1,0,0.3125,0.735294118,0.615384615
shnaf,125,29,3.951428571,-1,0.966666667,180,120,1,1,1,0,0,1,4.5,0,6.25,0,1,1,0,0.666666667,0.735294118,0.590163934
shnaf,206.8965517,49.5,24.45142857,19.5,1.65,450,150,1,1,1,0,0,1,4.5,0,6.25,0,1,1,0,0.333333333,0.735294118,0.68503937
shnaf,181.8181818,30,4.951428571,0,1,330,150,1,1,1,0,0,1,4.5,0,6.25,0,1,1,0,0.454545455,0.735294118,0.644760213
shnaf,117.6470588,27,1.951428571,-3,0.9,240,120,1,1,1,0,0,1,4.5,0,6.25,0,1,1,0,0.5,0.735294118,0.671052632
shnaf,250,28,2.951428571,-2,0.933333333,360,60,1,1,1,0,0,1,4.5,0,6.25,0,1,1,0,0.166666667,0.735294118,0.590163934
shnaf,333.3333333,33.5,8.451428571,3.5,1.116666667,210,120,1,1,1,0,0,1,4.5,0,6.25,0,1,1,0,0.571428571,0.735294118,0.386503067
shnaf,127.6595745,25.67,0.621428571,-4.33,0.855666667,150,150,1,1,1,0,0,1,4.5,0,6.25,0,1,1,0,1,0.735294118,0.540229885
shnaf,375,21.67,-3.378571429,-8.33,0.722333333,180,30,1,1,1,0,0,1,4.5,0,6.25,0,1,1,0,0.166666667,0.735294118,0.324324324
shnaf,153.8461538,30.67,5.621428571,0.67,1.022333333,450,60,1,1,1,0,0,1,4.5,0,6.25,0,1,1,0,0.133333333,0.735294118,0.74522293
shnaf,400,25,-0.048571429,-5,0.833333333,330,30,1,1,1,0,0,1,4.5,0,6.25,0,1,1,0,0.090909091,0.735294118,0.452054795
shnaf,428.5714286,39.5,14.45142857,9.5,1.316666667,300,120,1,1,1,0,0,1,4.5,0,6.25,0,1,1,0,0.4,0.735294118,0.411764706
shnaf,171.4285714,29,3.951428571,-1,0.966666667,480,120,1,1,1,0,0,1,4.5,0,6.25,0,1,1,0,0.25,0.735294118,0.736842105
shnaf,146.3414634,30,4.951428571,0,1,630,150,1,1,1,0,0,1,4.5,0,6.25,0,1,1,0,0.238095238,0.735294118,0.811498586
shnaf,88.23529412,34,8.951428571,4,1.133333333,300,120,1,1,1,0,0,1,4.5,0,6.25,0,1,1,0,0.4,0.735294118,0.772727273
shnaf,176.4705882,29.5,4.451428571,-0.5,0.983333333,510,150,1,1,1,0,0,1,4.5,0,6.25,0,1,1,0,0.294117647,0.735294118,0.742930591
shnaf,171.4285714,21.25,-3.798571429,-8.75,0.708333333,510,270,1,1,1,0,0,1,4.5,0,6.25,0,1,1,0,0.529411765,0.735294118,0.748427673
shnaf,666.6666667,22.33,-2.718571429,-7.67,0.744333333,510,150,1,1,1,0,0,1,4.5,0,6.25,0,1,1,0,0.294117647,0.735294118,0.433427762
shnaf,60,24,-1.048571429,-6,0.8,480,150,1,1,1,0,0,1,4.5,0,6.25,0,1,1,0,0.3125,0.735294118,0.888888889
shnaf,92.30769231,26,0.951428571,-4,0.866666667,360,30,1,1,1,0,0,1,4.5,0,6.25,0,1,1,0,0.083333333,0.735294118,0.795918367
shnaf,100,26,0.951428571,-4,0.866666667,330,120,1,1,1,0,0,1,4.5,0,6.25,0,1,1,0,0.363636364,0.735294118,0.76744186
shnaf,750,24,-1.048571429,-6,0.8,360,120,1,1,1,0,0,1,4.5,0,6.25,0,1,1,0,0.333333333,0.735294118,0.324324324
shnaf,98.36065574,26,0.951428571,-4,0.866666667,600,90,1,1,1,0,0,1,4.5,0,6.25,0,1,1,0,0.15,0.735294118,0.85915493
shnaf,181.8181818,29.5,4.451428571,-0.5,0.983333333,420,90,1,1,1,0,0,1,4.5,0,6.25,0,1,1,0,0.214285714,0.735294118,0.697885196
shnaf,146.3414634,18.5,-6.548571429,-11.5,0.616666667,570,60,1,1,1,0,0,1,4.5,0,6.25,0,1,1,0,0.105263158,0.735294118,0.795709908
shnaf,153.8461538,27.67,2.621428571,-2.33,0.922333333,510,120,1,1,1,0,0,1,4.5,0,6.25,0,1,1,0,0.235294118,0.735294118,0.76825029
shnaf,60,24,-1.048571429,-6,0.8,300,150,1,1,1,0,0,1,4.5,0,6.25,0,1,1,0,0.5,0.735294118,0.833333333
shnaf,200,24.5,-0.548571429,-5.5,0.816666667,420,120,1,1,1,0,0,1,4.5,0,6.25,0,1,1,0,0.285714286,0.735294118,0.677419355
shnaf,181.8181818,24,-1.048571429,-6,0.8,660,60,1,1,1,0,0,1,4.5,0,6.25,0,1,1,0,0.090909091,0.735294118,0.784017279
shnaf,750,20.75,-4.298571429,-9.25,0.691666667,630,120,1,1,1,0,0,1,4.5,0,6.25,0,1,1,0,0.19047619,0.735294118,0.456521739
shnaf,113.2075472,17,-8.048571429,-13,0.566666667,450,90,1,1,1,0,0,1,4.5,0,6.25,0,1,1,0,0.2,0.735294118,0.798994975
shnaf,82.19178082,24,-1.048571429,-6,0.8,420,210,1,1,1,0,0,1,4.5,0,6.25,0,1,1,0,0.5,0.735294118,0.836333879
shnaf,230.7692308,19.8,-5.248571429,-10.2,0.66,480,90,1,1,1,0,0,1,4.5,0,6.25,0,1,1,0,0.1875,0.735294118,0.675324675
shnaf,64.51612903,28,2.951428571,-2,0.933333333,390,60,1,1,1,0,0,1,4.5,0,6.25,0,1,1,0,0.153846154,0.735294118,0.858055358
shnaf,60,24,-1.048571429,-6,0.8,300,90,1,1,1,0,0,1,4.5,0,6.25,0,1,1,0,0.3,0.735294118,0.833333333
shnaf,60,24,-1.048571429,-6,0.8,450,120,1,1,1,0,0,1,4.5,0,6.25,0,1,1,0,0.266666667,0.735294118,0.882352941
shnaf,146.3414634,21,-4.048571429,-9,0.7,480,120,1,1,1,0,0,1,4.5,0,6.25,0,1,1,0,0.25,0.735294118,0.76635514
shnaf,285.7142857,16.33,-8.718571429,-13.67,0.544333333,630,240,1,1,1,0,0,1,4.5,0,6.25,0,1,1,0,0.380952381,0.735294118,0.68798752
shnaf,250,11,-14.04857143,-19,0.366666667,810,210,1,1,1,0,0,1,4.5,0,6.25,0,1,1,0,0.259259259,0.735294118,0.764150943
shnaf,240,21.5,-3.548571429,-8.5,0.716666667,450,120,1,1,1,0,0,1,4.5,0,6.25,0,1,1,0,0.266666667,0.735294118,0.652173913
shnaf,240,20.5,-4.548571429,-9.5,0.683333333,720,150,1,1,1,0,0,1,4.5,0,6.25,0,1,1,0,0.208333333,0.735294118,0.75
shnaf,181.8181818,24,-1.048571429,-6,0.8,450,90,1,1,1,0,0,1,4.5,0,6.25,0,1,1,0,0.2,0.735294118,0.712230216
shnaf,214.2857143,18.67,-6.378571429,-11.33,0.622333333,600,120,1,1,1,0,0,1,4.5,0,6.25,0,1,1,0,0.2,0.735294118,0.736842105
shnaf,193.5483871,28.5,3.451428571,-1.5,0.95,810,210,1,1,1,0,0,1,4.5,0,6.25,0,1,1,0,0.259259259,0.735294118,0.807135969
shnaf,260.8695652,20,-5.048571429,-10,0.666666667,990,240,1,1,1,0,0,1,4.5,0,6.25,0,1,1,0,0.242424242,0.735294118,0.791449426
shnaf,260.8695652,30.5,5.451428571,0.5,1.016666667,1170,390,1,1,1,0,0,1,4.5,0,6.25,0,1,1,0,0.333333333,0.735294118,0.817684594
shnaf,375,20.33,-4.718571429,-9.67,0.677666667,900,300,1,1,1,0,0,1,4.5,0,6.25,0,1,1,0,0.333333333,0.735294118,0.705882353
shnaf,200,21.5,-3.548571429,-8.5,0.716666667,1320,270,1,1,1,0,0,1,4.5,0,6.25,0,1,1,0,0.204545455,0.735294118,0.868421053
shnaf,142.8571429,30.67,5.621428571,0.67,1.022333333,750,180,1,1,1,0,0,1,4.5,0,6.25,0,1,1,0,0.24,0.735294118,0.84
shnaf,68.96551724,22,-3.048571429,-8,0.733333333,1260,300,1,1,1,0,0,1,4.5,0,6.25,0,1,1,0,0.238095238,0.735294118,0.948105864
shnaf,61.2244898,21,-4.048571429,-9,0.7,1590,420,1,1,1,0,0,1,4.5,0,6.25,0,1,1,0,0.264150943,0.735294118,0.962921765
shnaf,157.8947368,20,-5.048571429,-10,0.666666667,1020,270,1,1,1,0,0,1,4.5,0,6.25,0,1,1,0,0.264705882,0.735294118,0.865951743
shnaf,60,24,-1.048571429,-6,0.8,990,300,1,1,1,0,0,1,4.5,0,6.25,0,1,1,0,0.303030303,0.735294118,0.942857143
