period,timestamp,n_pedestrians,ped_crossing,n_cars,mean_car_speed,n_cyclists,mean_cycle_speed,ped_timestamp,ped_crossing_timestamp,bike_timestamp,car_timestamp,mean_traffic_speed,ped_dens_circ,ped_dens_safe,car_dens_circ,cycle_dens_circ,traffic_dens_circ,case,shared,oneway,park,mark,trees,bollards,width,cross_y,s_width,inters,bench,obst,lev_segr,lanes,vis_segr
1,9/15/2020 9:58,7,1,11,10.57713507,0,0.0,1,1,0,5,10.57713507,0.002734867,0.0,0.072433404,0.0,0.072433404,fsbr,1,0,1,1,1,1,6.0,1,3.5,999,0,0,0,2,1
2,9/15/2020 10:00,18,2,17,11.37560329,1,10.88454148,4,1,1,1,11.13007239,0.002734867,0.006792963,0.014486681,0.014486681,0.028973362,fsbr,1,0,1,1,1,1,6.0,1,3.5,999,0,0,0,2,1
3,9/15/2020 10:02,7,0,12,15.71084094,0,0.0,2,0,0,1,15.71084094,0.0,0.004528642,0.014486681,0.0,0.014486681,fsbr,1,0,1,1,1,1,6.0,1,3.5,999,0,0,0,2,1
4,9/15/2020 10:04,11,3,6,14.38729847,0,0.0,3,1,0,1,14.38729847,0.002734867,0.004528642,0.014486681,0.0,0.014486681,fsbr,1,0,1,1,1,1,6.0,1,3.5,999,0,0,0,2,1
5,9/15/2020 10:06,7,2,21,11.99909759,2,11.27666667,1,1,1,3,11.63788213,0.002734867,0.0,0.043460042,0.014486681,0.057946723,fsbr,1,0,1,1,1,1,6.0,1,3.5,999,0,0,0,2,1
6,9/15/2020 10:08,6,1,16,16.34118828,0,0.0,2,1,0,1,16.34118828,0.002734867,0.002264321,0.014486681,0.0,0.014486681,fsbr,1,0,1,1,1,1,6.0,1,3.5,999,0,0,0,2,1
7,9/15/2020 10:10,6,0,20,13.90468574,5,10.49161034,1,0,2,3,12.19814804,0.0,0.002264321,0.043460042,0.028973362,0.072433404,fsbr,1,0,1,1,1,1,6.0,1,3.5,999,0,0,0,2,1
8,9/15/2020 10:12,4,2,17,13.14067097,2,9.708301887,1,1,1,3,11.42448643,0.002734867,0.0,0.043460042,0.014486681,0.057946723,fsbr,1,0,1,1,1,1,6.0,1,3.5,999,0,0,0,2,1
9,9/15/2020 10:14,6,3,13,14.60204255,1,16.02143836,1,1,1,2,15.31174045,0.002734867,0.0,0.028973362,0.014486681,0.043460042,fsbr,1,0,1,1,1,1,6.0,1,3.5,999,0,0,0,2,1
10,9/15/2020 10:16,5,2,16,14.7852439,0,0.0,1,1,0,4,14.7852439,0.002734867,0.0,0.057946723,0.0,0.057946723,fsbr,1,0,1,1,1,1,6.0,1,3.5,999,0,0,0,2,1
11,9/15/2020 10:18,4,0,27,15.08525213,1,13.400625,2,0,1,3,14.24293856,0.0,0.004528642,0.043460042,0.014486681,0.057946723,fsbr,1,0,1,1,1,1,6.0,1,3.5,999,0,0,0,2,1
12,9/15/2020 10:20,18,2,18,15.50359927,1,9.224285714,1,1,1,2,12.36394249,0.002734867,0.0,0.028973362,0.014486681,0.043460042,fsbr,1,0,1,1,1,1,6.0,1,3.5,999,0,0,0,2,1
13,9/15/2020 10:22,10,4,11,14.75446154,1,10.02814433,1,1,1,1,12.39130293,0.002734867,0.0,0.014486681,0.014486681,0.028973362,fsbr,1,0,1,1,1,1,6.0,1,3.5,999,0,0,0,2,1
14,9/15/2020 10:24,11,4,16,14.70684677,2,12.26915888,3,1,1,1,13.48800283,0.002734867,0.004528642,0.014486681,0.014486681,0.028973362,fsbr,1,0,1,1,1,1,6.0,1,3.5,999,0,0,0,2,1
15,9/15/2020 10:26,5,1,17,15.85250631,1,13.05755319,1,1,1,2,14.45502975,0.002734867,0.0,0.028973362,0.014486681,0.043460042,fsbr,1,0,1,1,1,1,6.0,1,3.5,999,0,0,0,2,1
16,9/15/2020 10:28,7,1,18,16.22799581,0,0.0,3,1,0,1,16.22799581,0.002734867,0.004528642,0.014486681,0.0,0.014486681,fsbr,1,0,1,1,1,1,6.0,1,3.5,999,0,0,0,2,1
17,9/15/2020 10:30,21,4,22,14.46485467,1,11.76833333,4,1,1,4,13.116594,0.002734867,0.006792963,0.057946723,0.014486681,0.072433404,fsbr,1,0,1,1,1,1,6.0,1,3.5,999,0,0,0,2,1
18,9/15/2020 10:32,12,2,16,11.62938995,1,13.16239264,2,1,1,4,12.39589129,0.002734867,0.002264321,0.057946723,0.014486681,0.072433404,fsbr,1,0,1,1,1,1,6.0,1,3.5,999,0,0,0,2,1
19,9/15/2020 10:34,7,2,22,14.19134793,4,12.21602473,1,1,1,3,13.20368633,0.002734867,0.0,0.043460042,0.014486681,0.057946723,fsbr,1,0,1,1,1,1,6.0,1,3.5,999,0,0,0,2,1
20,9/15/2020 10:36,11,3,15,16.62691388,1,16.75974359,2,1,2,1,16.69332873,0.002734867,0.002264321,0.014486681,0.028973362,0.043460042,fsbr,1,0,1,1,1,1,6.0,1,3.5,999,0,0,0,2,1
21,9/15/2020 10:38,5,1,11,16.24945923,1,11.76747664,2,1,1,1,14.00846794,0.002734867,0.002264321,0.014486681,0.014486681,0.028973362,fsbr,1,0,1,1,1,1,6.0,1,3.5,999,0,0,0,2,1
22,9/15/2020 10:40,13,4,16,18.14756287,1,14.252,4,1,1,3,16.19978144,0.002734867,0.006792963,0.043460042,0.014486681,0.057946723,fsbr,1,0,1,1,1,1,6.0,1,3.5,999,0,0,0,2,1
23,9/15/2020 10:42,13,5,17,17.92990251,0,0.0,1,1,0,1,17.92990251,0.002734867,0.0,0.014486681,0.0,0.014486681,fsbr,1,0,1,1,1,1,6.0,1,3.5,999,0,0,0,2,1
24,9/15/2020 10:44,8,2,15,11.8646936,2,17.62872222,2,1,1,2,14.74670791,0.002734867,0.002264321,0.028973362,0.014486681,0.043460042,fsbr,1,0,1,1,1,1,6.0,1,3.5,999,0,0,0,2,1
25,9/15/2020 10:46,10,4,13,11.18769159,5,14.79954907,2,1,1,3,12.99362033,0.002734867,0.002264321,0.043460042,0.014486681,0.057946723,fsbr,1,0,1,1,1,1,6.0,1,3.5,999,0,0,0,2,1
26,9/15/2020 10:48,17,1,16,16.99537634,2,13.71444444,4,1,1,2,15.35491039,0.002734867,0.006792963,0.028973362,0.014486681,0.043460042,fsbr,1,0,1,1,1,1,6.0,1,3.5,999,0,0,0,2,1
27,9/15/2020 10:50,10,2,19,14.15595324,3,12.3780786,2,1,2,2,13.26701592,0.002734867,0.002264321,0.028973362,0.028973362,0.057946723,fsbr,1,0,1,1,1,1,6.0,1,3.5,999,0,0,0,2,1
28,9/15/2020 10:52,16,1,22,14.74009085,6,12.31540741,2,1,1,5,13.52774913,0.002734867,0.002264321,0.072433404,0.014486681,0.086920085,fsbr,1,0,1,1,1,1,6.0,1,3.5,999,0,0,0,2,1
29,9/15/2020 10:54,9,5,20,13.19513386,1,12.76285714,2,1,1,1,12.9789955,0.002734867,0.002264321,0.014486681,0.014486681,0.028973362,fsbr,1,0,1,1,1,1,6.0,1,3.5,999,0,0,0,2,1
30,9/15/2020 10:56,12,3,16,18.06422629,1,12.47153846,1,1,1,1,15.26788238,0.002734867,0.0,0.014486681,0.014486681,0.028973362,fsbr,1,0,1,1,1,1,6.0,1,3.5,999,0,0,0,2,1
31,9/15/2020 10:58,5,4,16,18.34097973,4,15.8539966,1,1,1,1,17.09748816,0.002734867,0.0,0.014486681,0.014486681,0.028973362,fsbr,1,0,1,1,1,1,6.0,1,3.5,999,0,0,0,2,1
32,9/15/2020 11:00,15,4,15,19.08660471,2,8.703513514,2,1,1,3,13.89505911,0.002734867,0.002264321,0.043460042,0.014486681,0.057946723,fsbr,1,0,1,1,1,1,6.0,1,3.5,999,0,0,0,2,1
33,9/15/2020 11:02,6,3,15,14.22733333,3,11.95916944,1,1,1,2,13.09325138,0.002734867,0.0,0.028973362,0.014486681,0.043460042,fsbr,1,0,1,1,1,1,6.0,1,3.5,999,0,0,0,2,1
34,9/15/2020 11:04,3,0,9,17.97938043,1,25.07628866,2,0,1,1,21.52783455,0.0,0.004528642,0.014486681,0.014486681,0.028973362,fsbr,1,0,1,1,1,1,6.0,1,3.5,999,0,0,0,2,1
35,9/15/2020 11:06,9,3,15,11.5808283,2,12.63545455,3,1,1,2,12.10814142,0.002734867,0.004528642,0.028973362,0.014486681,0.043460042,fsbr,1,0,1,1,1,1,6.0,1,3.5,999,0,0,0,2,1
36,9/15/2020 11:08,10,0,25,14.3792588,1,9.522753623,1,0,1,4,11.95100621,0.0,0.002264321,0.057946723,0.014486681,0.072433404,fsbr,1,0,1,1,1,1,6.0,1,3.5,999,0,0,0,2,1
37,9/15/2020 11:10,5,0,21,19.88176358,0,0.0,2,0,0,1,19.88176358,0.0,0.004528642,0.014486681,0.0,0.014486681,fsbr,1,0,1,1,1,1,6.0,1,3.5,999,0,0,0,2,1
38,9/15/2020 11:12,14,2,13,17.94769186,2,15.73510101,3,1,1,1,16.84139643,0.002734867,0.004528642,0.014486681,0.014486681,0.028973362,fsbr,1,0,1,1,1,1,6.0,1,3.5,999,0,0,0,2,1
39,9/15/2020 11:14,11,1,13,21.06235249,3,15.92860399,1,1,1,1,18.49547824,0.002734867,0.0,0.014486681,0.014486681,0.028973362,fsbr,1,0,1,1,1,1,6.0,1,3.5,999,0,0,0,2,1
40,9/15/2020 11:16,7,1,11,12.89959354,3,14.30756824,1,1,1,1,13.60358089,0.002734867,0.0,0.014486681,0.014486681,0.028973362,fsbr,1,0,1,1,1,1,6.0,1,3.5,999,0,0,0,2,1
41,9/15/2020 11:18,12,1,10,16.34033945,0,0.0,3,1,0,1,16.34033945,0.002734867,0.004528642,0.014486681,0.0,0.014486681,fsbr,1,0,1,1,1,1,6.0,1,3.5,999,0,0,0,2,1
42,9/15/2020 11:20,8,2,20,19.66533531,1,22.90827586,1,1,1,4,21.28680558,0.002734867,0.0,0.057946723,0.014486681,0.072433404,fsbr,1,0,1,1,1,1,6.0,1,3.5,999,0,0,0,2,1
43,9/15/2020 11:22,9,1,19,17.2253568,2,13.76080268,3,1,1,1,15.49307974,0.002734867,0.004528642,0.014486681,0.014486681,0.028973362,fsbr,1,0,1,1,1,1,6.0,1,3.5,999,0,0,0,2,1
44,9/15/2020 11:24,7,0,21,16.55788165,1,17.63404255,1,0,1,3,17.0959621,0.0,0.002264321,0.043460042,0.014486681,0.057946723,fsbr,1,0,1,1,1,1,6.0,1,3.5,999,0,0,0,2,1
45,9/15/2020 11:26,5,0,24,16.76334292,0,0.0,1,0,1,3,16.76334292,0.0,0.002264321,0.043460042,0.014486681,0.057946723,fsbr,1,0,1,1,1,1,6.0,1,3.5,999,0,0,0,2,1
46,9/15/2020 11:28,5,2,27,17.60325769,1,13.95666667,1,1,1,1,15.77996218,0.002734867,0.0,0.014486681,0.014486681,0.028973362,fsbr,1,0,1,1,1,1,6.0,1,3.5,999,0,0,0,2,1
47,9/15/2020 11:30,11,3,7,17.18041203,7,16.59892689,3,1,1,1,16.88966946,0.002734867,0.004528642,0.014486681,0.014486681,0.028973362,fsbr,1,0,1,1,1,1,6.0,1,3.5,999,0,0,0,2,1
48,9/15/2020 11:32,14,0,13,18.57373358,3,16.53754386,5,0,1,1,17.55563872,0.0,0.011321605,0.014486681,0.014486681,0.028973362,fsbr,1,0,1,1,1,1,6.0,1,3.5,999,0,0,0,2,1
49,9/15/2020 11:34,12,2,13,18.27066458,4,14.06511905,1,1,3,3,16.16789181,0.002734867,0.0,0.043460042,0.043460042,0.086920085,fsbr,1,0,1,1,1,1,6.0,1,3.5,999,0,0,0,2,1
50,9/15/2020 11:36,4,0,16,19.99725287,3,13.69168421,2,0,1,1,16.84446854,0.0,0.004528642,0.014486681,0.014486681,0.028973362,fsbr,1,0,1,1,1,1,6.0,1,3.5,999,0,0,0,2,1
51,9/15/2020 11:38,6,2,11,17.56635971,1,9.402919255,1,1,1,2,13.48463948,0.002734867,0.0,0.028973362,0.014486681,0.043460042,fsbr,1,0,1,1,1,1,6.0,1,3.5,999,0,0,0,2,1
52,9/15/2020 11:40,4,1,14,18.8075066,2,18.47970149,1,1,1,1,18.64360404,0.002734867,0.0,0.014486681,0.014486681,0.028973362,fsbr,1,0,1,1,1,1,6.0,1,3.5,999,0,0,0,2,1
53,9/15/2020 11:42,3,0,11,17.04346688,6,14.34859375,2,0,1,2,15.69603032,0.0,0.004528642,0.028973362,0.014486681,0.043460042,fsbr,1,0,1,1,1,1,6.0,1,3.5,999,0,0,0,2,1
54,9/15/2020 11:44,10,1,14,21.91592433,0,0.0,1,1,1,3,21.91592433,0.002734867,0.0,0.043460042,0.014486681,0.057946723,fsbr,1,0,1,1,1,1,6.0,1,3.5,999,0,0,0,2,1
55,9/15/2020 11:46,8,0,20,17.84188504,4,14.82521614,2,0,1,3,16.33355059,0.0,0.004528642,0.043460042,0.014486681,0.057946723,fsbr,1,0,1,1,1,1,6.0,1,3.5,999,0,0,0,2,1
56,9/15/2020 11:48,8,1,17,19.48387245,2,15.76225564,3,1,1,5,17.62306405,0.002734867,0.004528642,0.072433404,0.014486681,0.086920085,fsbr,1,0,1,1,1,1,6.0,1,3.5,999,0,0,0,2,1
57,9/15/2020 11:50,10,3,23,15.99649842,4,13.63040741,3,1,1,2,14.81345292,0.002734867,0.004528642,0.028973362,0.014486681,0.043460042,fsbr,1,0,1,1,1,1,6.0,1,3.5,999,0,0,0,2,1
58,9/15/2020 11:52,11,3,13,19.36196698,3,10.4747549,2,1,1,2,14.91836094,0.002734867,0.002264321,0.028973362,0.014486681,0.043460042,fsbr,1,0,1,1,1,1,6.0,1,3.5,999,0,0,0,2,1
59,9/15/2020 11:54,6,3,22,18.3480172,3,15.37013405,1,1,1,3,16.85907563,0.002734867,0.0,0.043460042,0.014486681,0.057946723,fsbr,1,0,1,1,1,1,6.0,1,3.5,999,0,0,0,2,1
60,9/15/2020 11:56,4,1,14,20.37347181,0,0.0,2,1,1,4,20.37347181,0.002734867,0.002264321,0.057946723,0.014486681,0.072433404,fsbr,1,0,1,1,1,1,6.0,1,3.5,999,0,0,0,2,1
61,9/15/2020 11:58,12,1,15,16.80167024,2,14.62035088,1,1,1,1,15.71101056,0.002734867,0.0,0.014486681,0.014486681,0.028973362,fsbr,1,0,1,1,1,1,6.0,1,3.5,999,0,0,0,2,1
62,9/15/2020 12:00,11,0,21,18.70856596,1,12.77227273,5,0,1,3,15.74041934,0.0,0.011321605,0.043460042,0.014486681,0.057946723,fsbr,1,0,1,1,1,1,6.0,1,3.5,999,0,0,0,2,1
63,9/15/2020 12:02,22,1,14,14.32017241,3,17.14472973,4,1,1,2,15.73245107,0.002734867,0.006792963,0.028973362,0.014486681,0.043460042,fsbr,1,0,1,1,1,1,6.0,1,3.5,999,0,0,0,2,1
64,9/15/2020 12:04,7,1,8,21.17287966,0,0.0,3,1,0,4,21.17287966,0.002734867,0.004528642,0.057946723,0.0,0.057946723,fsbr,1,0,1,1,1,1,6.0,1,3.5,999,0,0,0,2,1
65,9/11/2020 9:18,2,0,4,11.67489489,0,0.0,1,0,0,1,11.67489489,0.0,0.0064188,0.04076127,0.0,0.04076127,lsho,1,1,1,1,1,0,3.0,0,3.0,999,1,0,0,1,1
66,9/11/2020 9:20,4,2,0,0.0,1,14.87545455,1,1,1,0,14.87545455,0.005332523,0.0,0.0,0.04076127,0.04076127,lsho,1,1,1,1,1,0,3.0,0,3.0,999,1,0,0,1,1
67,9/11/2020 9:22,2,0,2,9.0652,3,9.046114865,2,0,1,1,9.055657432,0.0,0.012837601,0.04076127,0.04076127,0.08152254,lsho,1,1,1,1,1,0,3.0,0,3.0,999,1,0,0,1,1
68,9/11/2020 9:24,4,0,9,9.466775701,2,12.1758,1,0,1,1,10.82128785,0.0,0.0064188,0.04076127,0.04076127,0.08152254,lsho,1,1,1,1,1,0,3.0,0,3.0,999,1,0,0,1,1
69,9/11/2020 9:26,3,1,8,9.595907384,1,13.5645,1,1,1,1,11.58020369,0.005332523,0.0,0.04076127,0.04076127,0.08152254,lsho,1,1,1,1,1,0,3.0,0,3.0,999,1,0,0,1,1
70,9/11/2020 9:28,4,3,3,9.902747748,1,9.002330097,2,2,1,1,9.452538922,0.010665046,0.0,0.04076127,0.04076127,0.08152254,lsho,1,1,1,1,1,0,3.0,0,3.0,999,1,0,0,1,1
71,9/11/2020 9:30,5,2,7,11.16364228,1,13.74555556,1,1,1,1,12.45459892,0.005332523,0.0,0.04076127,0.04076127,0.08152254,lsho,1,1,1,1,1,0,3.0,0,3.0,999,1,0,0,1,1
72,9/11/2020 9:32,5,2,7,11.6406338,2,10.43630682,1,1,1,1,11.03847031,0.005332523,0.0,0.04076127,0.04076127,0.08152254,lsho,1,1,1,1,1,0,3.0,0,3.0,999,1,0,0,1,1
73,9/11/2020 9:34,2,0,6,9.764039735,0,0.0,1,0,0,1,9.764039735,0.0,0.0064188,0.04076127,0.0,0.04076127,lsho,1,1,1,1,1,0,3.0,0,3.0,999,1,0,0,1,1
74,9/11/2020 9:36,3,0,9,9.94543722,1,8.684042553,1,0,1,1,9.314739886,0.0,0.0064188,0.04076127,0.04076127,0.08152254,lsho,1,1,1,1,1,0,3.0,0,3.0,999,1,0,0,1,1
75,9/11/2020 9:38,5,0,6,9.450304,2,12.28145038,3,0,1,1,10.86587719,0.0,0.019256401,0.04076127,0.04076127,0.08152254,lsho,1,1,1,1,1,0,3.0,0,3.0,999,1,0,0,1,1
76,9/11/2020 9:40,7,0,3,10.39151079,2,12.8484375,1,0,1,1,11.61997415,0.0,0.0064188,0.04076127,0.04076127,0.08152254,lsho,1,1,1,1,1,0,3.0,0,3.0,999,1,0,0,1,1
77,9/11/2020 9:42,11,4,4,6.176868217,1,10.6575,2,1,1,1,8.417184109,0.005332523,0.0064188,0.04076127,0.04076127,0.08152254,lsho,1,1,1,1,1,0,3.0,0,3.0,999,1,0,0,1,1
78,9/11/2020 9:44,8,3,4,8.367343096,0,0.0,1,1,0,1,8.367343096,0.005332523,0.0,0.04076127,0.0,0.04076127,lsho,1,1,1,1,1,0,3.0,0,3.0,999,1,0,0,1,1
79,9/11/2020 9:46,3,0,3,10.97897436,1,5.16005,2,0,1,1,8.069512179,0.0,0.012837601,0.04076127,0.04076127,0.08152254,lsho,1,1,1,1,1,0,3.0,0,3.0,999,1,0,0,1,1
80,9/11/2020 9:48,3,0,4,14.32721014,0,0.0,1,0,0,1,14.32721014,0.0,0.0064188,0.04076127,0.0,0.04076127,lsho,1,1,1,1,1,0,3.0,0,3.0,999,1,0,0,1,1
81,9/11/2020 9:50,7,2,4,9.145675676,1,4.964,1,1,1,1,7.054837838,0.005332523,0.0,0.04076127,0.04076127,0.08152254,lsho,1,1,1,1,1,0,3.0,0,3.0,999,1,0,0,1,1
82,9/11/2020 9:52,7,1,2,7.967410359,1,6.01,2,1,1,1,6.988705179,0.005332523,0.0064188,0.04076127,0.04076127,0.08152254,lsho,1,1,1,1,1,0,3.0,0,3.0,999,1,0,0,1,1
83,9/11/2020 9:54,5,1,4,9.455926829,2,10.90972603,2,1,1,1,10.18282643,0.005332523,0.0064188,0.04076127,0.04076127,0.08152254,lsho,1,1,1,1,1,0,3.0,0,3.0,999,1,0,0,1,1
84,9/11/2020 9:56,9,1,3,10.59535354,0,0.0,4,1,0,1,10.59535354,0.005332523,0.019256401,0.04076127,0.0,0.04076127,lsho,1,1,1,1,1,0,3.0,0,3.0,999,1,0,0,1,1
85,9/11/2020 9:58,9,4,2,7.407607362,0,0.0,1,1,0,1,7.407607362,0.005332523,0.0,0.04076127,0.0,0.04076127,lsho,1,1,1,1,1,0,3.0,0,3.0,999,1,0,0,1,1
86,9/11/2020 10:00,5,2,2,10.04442211,0,0.0,1,1,0,1,10.04442211,0.005332523,0.0,0.04076127,0.0,0.04076127,lsho,1,1,1,1,1,0,3.0,0,3.0,999,1,0,0,1,1
87,9/11/2020 10:02,3,1,8,8.830790698,1,8.477886179,1,1,1,1,8.654338438,0.005332523,0.0,0.04076127,0.04076127,0.08152254,lsho,1,1,1,1,1,0,3.0,0,3.0,999,1,0,0,1,1
88,9/11/2020 10:04,7,3,4,9.163771429,0,0.0,1,1,0,1,9.163771429,0.005332523,0.0,0.04076127,0.0,0.04076127,lsho,1,1,1,1,1,0,3.0,0,3.0,999,1,0,0,1,1
89,9/11/2020 10:06,6,1,9,9.39251773,0,0.0,1,1,0,1,9.39251773,0.005332523,0.0,0.04076127,0.0,0.04076127,lsho,1,1,1,1,1,0,3.0,0,3.0,999,1,0,0,1,1
90,9/11/2020 10:08,7,2,2,10.36973684,1,13.0248,3,1,1,1,11.69726842,0.005332523,0.012837601,0.04076127,0.04076127,0.08152254,lsho,1,1,1,1,1,0,3.0,0,3.0,999,1,0,0,1,1
91,9/11/2020 10:10,4,1,4,10.49459384,0,0.0,1,1,1,1,10.49459384,0.005332523,0.0,0.04076127,0.04076127,0.08152254,lsho,1,1,1,1,1,0,3.0,0,3.0,999,1,0,0,1,1
92,9/11/2020 10:12,5,0,2,9.429951923,3,10.52577617,1,0,1,1,9.977864048,0.0,0.0064188,0.04076127,0.04076127,0.08152254,lsho,1,1,1,1,1,0,3.0,0,3.0,999,1,0,0,1,1
93,9/11/2020 10:14,9,0,4,8.957991453,2,11.52196078,1,0,1,1,10.23997612,0.0,0.0064188,0.04076127,0.04076127,0.08152254,lsho,1,1,1,1,1,0,3.0,0,3.0,999,1,0,0,1,1
94,9/11/2020 10:16,1,0,4,10.83206081,1,9.47728972,1,0,1,1,10.15467527,0.0,0.0064188,0.04076127,0.04076127,0.08152254,lsho,1,1,1,1,1,0,3.0,0,3.0,999,1,0,0,1,1
95,9/11/2020 10:18,5,0,7,7.251535088,2,11.13578431,2,0,1,1,9.193659701,0.0,0.012837601,0.04076127,0.04076127,0.08152254,lsho,1,1,1,1,1,0,3.0,0,3.0,999,1,0,0,1,1
96,9/11/2020 10:20,11,2,4,6.298373016,3,10.76193548,1,1,1,1,8.53015425,0.005332523,0.0,0.04076127,0.04076127,0.08152254,lsho,1,1,1,1,1,0,3.0,0,3.0,999,1,0,0,1,1
97,9/11/2020 10:22,2,0,6,9.772318008,1,9.045904762,1,0,1,1,9.409111385,0.0,0.0064188,0.04076127,0.04076127,0.08152254,lsho,1,1,1,1,1,0,3.0,0,3.0,999,1,0,0,1,1
98,9/11/2020 10:24,3,1,4,8.906413793,1,6.695673759,1,1,1,1,7.801043776,0.005332523,0.0,0.04076127,0.04076127,0.08152254,lsho,1,1,1,1,1,0,3.0,0,3.0,999,1,0,0,1,1
99,9/11/2020 10:26,5,1,6,8.991312217,2,9.405722222,1,1,1,1,9.19851722,0.005332523,0.0,0.04076127,0.04076127,0.08152254,lsho,1,1,1,1,1,0,3.0,0,3.0,999,1,0,0,1,1
100,9/11/2020 10:28,10,0,4,9.432428571,0,0.0,1,0,0,1,9.432428571,0.0,0.0064188,0.04076127,0.0,0.04076127,lsho,1,1,1,1,1,0,3.0,0,3.0,999,1,0,0,1,1
101,9/11/2020 10:30,9,6,7,9.800441176,3,11.88830097,1,1,2,1,10.84437107,0.005332523,0.0,0.04076127,0.08152254,0.12228381,lsho,1,1,1,1,1,0,3.0,0,3.0,999,1,0,0,1,1
102,9/11/2020 10:32,6,0,4,9.279401198,3,12.43433333,1,0,1,1,10.85686727,0.0,0.0064188,0.04076127,0.04076127,0.08152254,lsho,1,1,1,1,1,0,3.0,0,3.0,999,1,0,0,1,1
103,9/11/2020 10:34,6,2,1,13.09605263,2,13.04056738,1,1,1,1,13.06831,0.005332523,0.0,0.04076127,0.04076127,0.08152254,lsho,1,1,1,1,1,0,3.0,0,3.0,999,1,0,0,1,1
104,9/11/2020 10:36,5,1,2,9.575582524,1,11.636,1,1,1,1,10.60579126,0.005332523,0.0,0.04076127,0.04076127,0.08152254,lsho,1,1,1,1,1,0,3.0,0,3.0,999,1,0,0,1,1
105,9/11/2020 10:38,3,0,5,9.870884211,1,6.462222222,1,0,1,1,8.166553216,0.0,0.0064188,0.04076127,0.04076127,0.08152254,lsho,1,1,1,1,1,0,3.0,0,3.0,999,1,0,0,1,1
106,9/11/2020 10:40,8,1,7,4.537247387,1,10.03325,1,1,1,1,7.285248693,0.005332523,0.0,0.04076127,0.04076127,0.08152254,lsho,1,1,1,1,1,0,3.0,0,3.0,999,1,0,0,1,1
107,9/11/2020 10:42,3,0,6,6.093779528,2,10.34631579,2,0,1,1,8.220047659,0.0,0.012837601,0.04076127,0.04076127,0.08152254,lsho,1,1,1,1,1,0,3.0,0,3.0,999,1,0,0,1,1
108,9/11/2020 10:44,8,0,6,9.316057234,0,0.0,1,0,0,1,9.316057234,0.0,0.0064188,0.04076127,0.0,0.04076127,lsho,1,1,1,1,1,0,3.0,0,3.0,999,1,0,0,1,1
109,9/11/2020 10:46,8,2,7,8.476800502,0,0.0,1,1,0,1,8.476800502,0.005332523,0.0,0.04076127,0.0,0.04076127,lsho,1,1,1,1,1,0,3.0,0,3.0,999,1,0,0,1,1
110,9/11/2020 10:48,12,1,4,7.728753247,0,0.0,1,1,0,1,7.728753247,0.005332523,0.0,0.04076127,0.0,0.04076127,lsho,1,1,1,1,1,0,3.0,0,3.0,999,1,0,0,1,1
111,9/11/2020 10:50,6,2,7,7.68380791,1,8.96452381,1,1,1,1,8.32416586,0.005332523,0.0,0.04076127,0.04076127,0.08152254,lsho,1,1,1,1,1,0,3.0,0,3.0,999,1,0,0,1,1
112,9/11/2020 10:52,14,6,2,10.23861702,1,18.03296296,2,1,1,1,14.13578999,0.005332523,0.0064188,0.04076127,0.04076127,0.08152254,lsho,1,1,1,1,1,0,3.0,0,3.0,999,1,0,0,1,1
113,9/11/2020 10:54,11,3,10,6.951367292,2,12.89616822,2,1,1,1,9.923767758,0.005332523,0.0064188,0.04076127,0.04076127,0.08152254,lsho,1,1,1,1,1,0,3.0,0,3.0,999,1,0,0,1,1
114,9/11/2020 10:56,16,2,9,9.38465736,0,0.0,4,1,1,2,9.38465736,0.005332523,0.019256401,0.08152254,0.04076127,0.12228381,lsho,1,1,1,1,1,0,3.0,0,3.0,999,1,0,0,1,1
115,9/11/2020 10:58,11,1,7,9.779182609,1,15.5283871,1,1,1,1,12.65378485,0.005332523,0.0,0.04076127,0.04076127,0.08152254,lsho,1,1,1,1,1,0,3.0,0,3.0,999,1,0,0,1,1
116,9/11/2020 11:00,6,1,4,7.527342048,5,10.29067138,1,1,2,1,8.909006713,0.005332523,0.0,0.04076127,0.08152254,0.12228381,lsho,1,1,1,1,1,0,3.0,0,3.0,999,1,0,0,1,1
117,9/11/2020 11:02,8,2,4,5.603574561,2,10.48986301,2,1,1,1,8.046718788,0.005332523,0.0064188,0.04076127,0.04076127,0.08152254,lsho,1,1,1,1,1,0,3.0,0,3.0,999,1,0,0,1,1
118,9/11/2020 11:04,10,1,6,6.636090794,2,8.251936937,1,1,1,1,7.444013866,0.005332523,0.0,0.04076127,0.04076127,0.08152254,lsho,1,1,1,1,1,0,3.0,0,3.0,999,1,0,0,1,1
119,9/11/2020 11:06,8,0,11,8.345592287,0,0.0,1,0,0,3,8.345592287,0.0,0.0064188,0.12228381,0.0,0.12228381,lsho,1,1,1,1,1,0,3.0,0,3.0,999,1,0,0,1,1
120,9/11/2020 11:08,5,2,7,8.019131054,1,14.77918033,1,1,1,1,11.39915569,0.005332523,0.0,0.04076127,0.04076127,0.08152254,lsho,1,1,1,1,1,0,3.0,0,3.0,999,1,0,0,1,1
121,9/11/2020 11:10,6,1,7,9.150833333,1,12.3092,1,1,1,1,10.73001667,0.005332523,0.0,0.04076127,0.04076127,0.08152254,lsho,1,1,1,1,1,0,3.0,0,3.0,999,1,0,0,1,1
122,9/11/2020 11:12,3,1,4,6.789946237,1,9.607835052,1,1,1,1,8.198890644,0.005332523,0.0,0.04076127,0.04076127,0.08152254,lsho,1,1,1,1,1,0,3.0,0,3.0,999,1,0,0,1,1
123,9/11/2020 11:14,7,4,2,8.009918033,0,0.0,1,1,0,1,8.009918033,0.005332523,0.0,0.04076127,0.0,0.04076127,lsho,1,1,1,1,1,0,3.0,0,3.0,999,1,0,0,1,1
124,9/11/2020 11:16,4,2,6,9.931791045,1,9.04122449,1,1,1,1,9.486507767,0.005332523,0.0,0.04076127,0.04076127,0.08152254,lsho,1,1,1,1,1,0,3.0,0,3.0,999,1,0,0,1,1
125,9/11/2020 11:18,6,2,4,11.18883077,0,0.0,2,1,0,1,11.18883077,0.005332523,0.0064188,0.04076127,0.0,0.04076127,lsho,1,1,1,1,1,0,3.0,0,3.0,999,1,0,0,1,1
126,9/11/2020 11:20,6,0,6,8.526055777,4,9.59762533,1,0,1,1,9.061840553,0.0,0.0064188,0.04076127,0.04076127,0.08152254,lsho,1,1,1,1,1,0,3.0,0,3.0,999,1,0,0,1,1
127,9/11/2020 11:22,6,1,3,8.409050847,0,0.0,1,1,0,1,8.409050847,0.005332523,0.0,0.04076127,0.0,0.04076127,lsho,1,1,1,1,1,0,3.0,0,3.0,999,1,0,0,1,1
128,9/11/2020 11:24,5,1,4,10.04197987,3,12.54453947,1,1,1,1,11.29325967,0.005332523,0.0,0.04076127,0.04076127,0.08152254,lsho,1,1,1,1,1,0,3.0,0,3.0,999,1,0,0,1,1
129,9/11/2020 11:26,7,2,4,6.334899083,0,0.0,1,1,0,1,6.334899083,0.005332523,0.0,0.04076127,0.0,0.04076127,lsho,1,1,1,1,1,0,3.0,0,3.0,999,1,0,0,1,1
130,9/11/2020 11:28,5,0,3,9.131801242,1,8.584680851,2,0,1,1,8.858241047,0.0,0.012837601,0.04076127,0.04076127,0.08152254,lsho,1,1,1,1,1,0,3.0,0,3.0,999,1,0,0,1,1
131,9/30/2020 8:58,10,1,2,9.754612069,1,13.681,3,1,1,1,11.71780603,0.002954892,0.003146865,0.019240541,0.019240541,0.038481081,mke,1,0,1,1,0,1,6.0,0,3.5,999,1,1,1,2,1
132,9/30/2020 9:00,8,2,4,17.50925439,1,13.61439024,3,1,1,1,15.56182231,0.002954892,0.003146865,0.019240541,0.019240541,0.038481081,mke,1,0,1,1,0,1,6.0,0,3.5,999,1,1,1,2,1
133,9/30/2020 9:02,12,0,4,16.432827,1,14.75662338,1,0,1,1,15.59472519,0.0,0.001573432,0.019240541,0.019240541,0.038481081,mke,1,0,1,1,0,1,6.0,0,3.5,999,1,1,1,2,1
134,9/30/2020 9:04,8,0,1,11.9825,0,0.0,2,0,1,1,11.9825,0.0,0.003146865,0.019240541,0.019240541,0.038481081,mke,1,0,1,1,0,1,6.0,0,3.5,999,1,1,1,2,1
135,9/30/2020 9:06,8,3,3,14.93285714,2,16.51516129,1,1,1,1,15.72400922,0.002954892,0.0,0.019240541,0.019240541,0.038481081,mke,1,0,1,1,0,1,6.0,0,3.5,999,1,1,1,2,1
136,9/30/2020 9:08,7,2,8,17.69424859,1,15.14224138,1,1,1,1,16.41824498,0.002954892,0.0,0.019240541,0.019240541,0.038481081,mke,1,0,1,1,0,1,6.0,0,3.5,999,1,1,1,2,1
137,9/30/2020 9:10,17,6,0,0.0,0,0.0,1,1,1,0,0.0,0.002954892,0.0,0.0,0.019240541,0.019240541,mke,1,0,1,1,0,1,6.0,0,3.5,999,1,1,1,2,1
138,9/30/2020 9:12,13,1,5,15.2122061,0,0.0,3,1,0,1,15.2122061,0.002954892,0.003146865,0.019240541,0.0,0.019240541,mke,1,0,1,1,0,1,6.0,0,3.5,999,1,1,1,2,1
139,9/30/2020 9:14,19,3,4,18.49470914,1,13.42068493,3,1,1,1,15.95769704,0.002954892,0.003146865,0.019240541,0.019240541,0.038481081,mke,1,0,1,1,0,1,6.0,0,3.5,999,1,1,1,2,1
140,9/30/2020 9:16,16,6,1,6.785384615,0,0.0,4,1,0,1,6.785384615,0.002954892,0.004720297,0.019240541,0.0,0.019240541,mke,1,0,1,1,0,1,6.0,0,3.5,999,1,1,1,2,1
141,9/30/2020 9:18,13,4,1,21.70362162,2,12.26807453,2,1,1,1,16.98584808,0.002954892,0.001573432,0.019240541,0.019240541,0.038481081,mke,1,0,1,1,0,1,6.0,0,3.5,999,1,1,1,2,1
142,9/30/2020 9:20,13,8,2,9.056606061,0,0.0,5,2,1,1,9.056606061,0.005909785,0.004720297,0.019240541,0.019240541,0.038481081,mke,1,0,1,1,0,1,6.0,0,3.5,999,1,1,1,2,1
143,9/30/2020 9:22,20,6,2,12.98410714,1,13.27906542,4,1,1,1,13.13158628,0.002954892,0.004720297,0.019240541,0.019240541,0.038481081,mke,1,0,1,1,0,1,6.0,0,3.5,999,1,1,1,2,1
144,9/30/2020 9:24,20,7,4,12.61092827,1,11.46258621,5,1,1,2,12.03675724,0.002954892,0.00629373,0.038481081,0.019240541,0.057721622,mke,1,0,1,1,0,1,6.0,0,3.5,999,1,1,1,2,1
145,9/30/2020 9:26,21,3,7,16.01202033,1,12.25571429,3,1,1,1,14.13386731,0.002954892,0.003146865,0.019240541,0.019240541,0.038481081,mke,1,0,1,1,0,1,6.0,0,3.5,999,1,1,1,2,1
146,9/30/2020 9:28,18,7,4,16.7767803,1,11.26024096,2,1,1,2,14.01851063,0.002954892,0.001573432,0.038481081,0.019240541,0.057721622,mke,1,0,1,1,0,1,6.0,0,3.5,999,1,1,1,2,1
147,9/30/2020 9:30,14,3,6,13.6287044,0,0.0,3,1,0,1,13.6287044,0.002954892,0.003146865,0.019240541,0.0,0.019240541,mke,1,0,1,1,0,1,6.0,0,3.5,999,1,1,1,2,1
148,9/30/2020 9:32,14,6,0,0.0,0,0.0,1,1,0,0,0.0,0.002954892,0.0,0.0,0.0,0.0,mke,1,0,1,1,0,1,6.0,0,3.5,999,1,1,1,2,1
149,9/30/2020 9:34,22,6,4,14.95992793,0,0.0,4,1,0,1,14.95992793,0.002954892,0.004720297,0.019240541,0.0,0.019240541,mke,1,0,1,1,0,1,6.0,0,3.5,999,1,1,1,2,1
150,9/30/2020 9:36,19,1,3,21.51788321,0,0.0,3,1,0,1,21.51788321,0.002954892,0.003146865,0.019240541,0.0,0.019240541,mke,1,0,1,1,0,1,6.0,0,3.5,999,1,1,1,2,1
151,9/30/2020 9:38,14,6,4,13.57945111,0,0.0,2,1,0,1,13.57945111,0.002954892,0.001573432,0.019240541,0.0,0.019240541,mke,1,0,1,1,0,1,6.0,0,3.5,999,1,1,1,2,1
152,9/30/2020 9:40,10,1,3,21.88555556,0,0.0,6,1,0,1,21.88555556,0.002954892,0.007867162,0.019240541,0.0,0.019240541,mke,1,0,1,1,0,1,6.0,0,3.5,999,1,1,1,2,1
153,9/30/2020 9:42,17,6,2,21.15593103,1,17.59929412,4,1,1,1,19.37761258,0.002954892,0.004720297,0.019240541,0.019240541,0.038481081,mke,1,0,1,1,0,1,6.0,0,3.5,999,1,1,1,2,1
154,9/30/2020 9:44,15,2,6,12.29725864,0,0.0,3,1,0,1,12.29725864,0.002954892,0.003146865,0.019240541,0.0,0.019240541,mke,1,0,1,1,0,1,6.0,0,3.5,999,1,1,1,2,1
155,9/30/2020 9:46,14,3,3,12.78895623,0,0.0,3,1,0,1,12.78895623,0.002954892,0.003146865,0.019240541,0.0,0.019240541,mke,1,0,1,1,0,1,6.0,0,3.5,999,1,1,1,2,1
156,9/30/2020 9:48,12,5,3,9.157678571,1,14.29170732,2,1,1,1,11.72469294,0.002954892,0.001573432,0.019240541,0.019240541,0.038481081,mke,1,0,1,1,0,1,6.0,0,3.5,999,1,1,1,2,1
157,9/30/2020 9:50,20,4,3,2.951882353,1,21.62545455,3,1,1,1,12.28866845,0.002954892,0.003146865,0.019240541,0.019240541,0.038481081,mke,1,0,1,1,0,1,6.0,0,3.5,999,1,1,1,2,1
158,9/30/2020 9:52,20,2,2,10.13578544,1,15.63046512,4,1,1,1,12.88312528,0.002954892,0.004720297,0.019240541,0.019240541,0.038481081,mke,1,0,1,1,0,1,6.0,0,3.5,999,1,1,1,2,1
159,9/30/2020 9:54,17,3,3,14.89904382,1,25.52227273,2,1,1,1,20.21065828,0.002954892,0.001573432,0.019240541,0.019240541,0.038481081,mke,1,0,1,1,0,1,6.0,0,3.5,999,1,1,1,2,1
160,9/30/2020 9:56,12,7,3,21.70486486,2,17.61675325,3,1,1,1,19.66080906,0.002954892,0.003146865,0.019240541,0.019240541,0.038481081,mke,1,0,1,1,0,1,6.0,0,3.5,999,1,1,1,2,1
161,9/30/2020 9:58,18,3,3,12.23189781,1,21.50368421,3,1,1,1,16.86779101,0.002954892,0.003146865,0.019240541,0.019240541,0.038481081,mke,1,0,1,1,0,1,6.0,0,3.5,999,1,1,1,2,1
162,9/30/2020 10:00,21,6,3,12.87753521,1,10.68913793,4,1,1,1,11.78333657,0.002954892,0.004720297,0.019240541,0.019240541,0.038481081,mke,1,0,1,1,0,1,6.0,0,3.5,999,1,1,1,2,1
163,9/30/2020 10:02,18,3,5,13.22435811,2,25.59465909,3,1,1,1,19.4095086,0.002954892,0.003146865,0.019240541,0.019240541,0.038481081,mke,1,0,1,1,0,1,6.0,0,3.5,999,1,1,1,2,1
164,9/30/2020 10:04,16,6,3,7.448966725,1,7.488333333,3,1,1,1,7.468650029,0.002954892,0.003146865,0.019240541,0.019240541,0.038481081,mke,1,0,1,1,0,1,6.0,0,3.5,999,1,1,1,2,1
165,9/30/2020 10:06,27,12,4,14.10931973,0,0.0,3,1,0,1,14.10931973,0.002954892,0.003146865,0.019240541,0.0,0.019240541,mke,1,0,1,1,0,1,6.0,0,3.5,999,1,1,1,2,1
166,9/30/2020 10:08,17,9,1,11.4222549,0,0.0,6,1,0,1,11.4222549,0.002954892,0.007867162,0.019240541,0.0,0.019240541,mke,1,0,1,1,0,1,6.0,0,3.5,999,1,1,1,2,1
167,9/30/2020 10:10,22,7,0,0.0,1,17.77359375,5,1,1,0,17.77359375,0.002954892,0.00629373,0.0,0.019240541,0.019240541,mke,1,0,1,1,0,1,6.0,0,3.5,999,1,1,1,2,1
168,9/30/2020 10:12,20,6,1,11.61725389,1,17.90222222,6,1,1,1,14.75973805,0.002954892,0.007867162,0.019240541,0.019240541,0.038481081,mke,1,0,1,1,0,1,6.0,0,3.5,999,1,1,1,2,1
169,9/30/2020 10:14,20,9,1,20.0744898,0,0.0,4,1,0,1,20.0744898,0.002954892,0.004720297,0.019240541,0.0,0.019240541,mke,1,0,1,1,0,1,6.0,0,3.5,999,1,1,1,2,1
170,9/30/2020 10:16,20,5,1,26.06026667,2,9.421111111,3,1,1,1,17.74068889,0.002954892,0.003146865,0.019240541,0.019240541,0.038481081,mke,1,0,1,1,0,1,6.0,0,3.5,999,1,1,1,2,1
171,9/30/2020 10:18,24,9,3,20.12829596,1,6.764761905,4,1,1,1,13.44652893,0.002954892,0.004720297,0.019240541,0.019240541,0.038481081,mke,1,0,1,1,0,1,6.0,0,3.5,999,1,1,1,2,1
172,9/30/2020 10:20,20,7,5,12.16564151,3,12.3143254,4,1,1,1,12.23998345,0.002954892,0.004720297,0.019240541,0.019240541,0.038481081,mke,1,0,1,1,0,1,6.0,0,3.5,999,1,1,1,2,1
173,9/30/2020 10:22,27,7,6,13.04173285,1,11.09086957,7,1,1,1,12.06630121,0.002954892,0.009440595,0.019240541,0.019240541,0.038481081,mke,1,0,1,1,0,1,6.0,0,3.5,999,1,1,1,2,1
174,9/30/2020 10:24,22,6,1,21.865,0,0.0,2,1,0,1,21.865,0.002954892,0.001573432,0.019240541,0.0,0.019240541,mke,1,0,1,1,0,1,6.0,0,3.5,999,1,1,1,2,1
175,9/30/2020 10:26,11,5,3,11.50642857,0,0.0,1,1,1,1,11.50642857,0.002954892,0.0,0.019240541,0.019240541,0.038481081,mke,1,0,1,1,0,1,6.0,0,3.5,999,1,1,1,2,1
176,9/30/2020 10:28,16,5,0,0.0,2,12.52627586,2,1,1,0,12.52627586,0.002954892,0.001573432,0.0,0.019240541,0.019240541,mke,1,0,1,1,0,1,6.0,0,3.5,999,1,1,1,2,1
177,9/30/2020 10:30,29,11,4,16.47290237,1,8.07751269,5,1,1,1,12.27520753,0.002954892,0.00629373,0.019240541,0.019240541,0.038481081,mke,1,0,1,1,0,1,6.0,0,3.5,999,1,1,1,2,1
178,9/30/2020 10:32,17,5,3,17.14450402,0,0.0,4,1,0,1,17.14450402,0.002954892,0.004720297,0.019240541,0.0,0.019240541,mke,1,0,1,1,0,1,6.0,0,3.5,999,1,1,1,2,1
179,9/30/2020 10:34,17,5,2,17.6332906,0,0.0,7,1,0,1,17.6332906,0.002954892,0.009440595,0.019240541,0.0,0.019240541,mke,1,0,1,1,0,1,6.0,0,3.5,999,1,1,1,2,1
180,9/30/2020 10:36,18,7,6,13.36146368,1,11.58714286,3,1,1,1,12.47430327,0.002954892,0.003146865,0.019240541,0.019240541,0.038481081,mke,1,0,1,1,0,1,6.0,0,3.5,999,1,1,1,2,1
181,9/30/2020 10:38,13,0,8,13.39253867,1,14.782,2,0,1,1,14.08726934,0.0,0.003146865,0.019240541,0.019240541,0.038481081,mke,1,0,1,1,0,1,6.0,0,3.5,999,1,1,1,2,1
182,9/30/2020 10:40,14,3,1,13.384,1,12.96496732,2,1,1,1,13.17448366,0.002954892,0.001573432,0.019240541,0.019240541,0.038481081,mke,1,0,1,1,0,1,6.0,0,3.5,999,1,1,1,2,1
183,9/30/2020 10:42,14,2,5,10.83910931,1,9.796854839,5,1,1,1,10.31798208,0.002954892,0.00629373,0.019240541,0.019240541,0.038481081,mke,1,0,1,1,0,1,6.0,0,3.5,999,1,1,1,2,1
184,9/30/2020 10:44,30,7,3,7.368788501,1,8.90025641,6,2,1,1,8.134522456,0.005909785,0.00629373,0.019240541,0.019240541,0.038481081,mke,1,0,1,1,0,1,6.0,0,3.5,999,1,1,1,2,1
185,9/30/2020 10:46,14,5,0,0.0,0,0.0,2,1,0,0,0.0,0.002954892,0.001573432,0.0,0.0,0.0,mke,1,0,1,1,0,1,6.0,0,3.5,999,1,1,1,2,1
186,9/30/2020 10:48,15,4,3,15.14430079,0,0.0,4,1,1,1,15.14430079,0.002954892,0.004720297,0.019240541,0.019240541,0.038481081,mke,1,0,1,1,0,1,6.0,0,3.5,999,1,1,1,2,1
187,9/30/2020 10:50,19,3,5,15.35505396,1,13.83958333,1,1,1,1,14.59731865,0.002954892,0.0,0.019240541,0.019240541,0.038481081,mke,1,0,1,1,0,1,6.0,0,3.5,999,1,1,1,2,1
188,9/30/2020 10:52,18,8,5,12.19629988,0,0.0,6,1,1,1,12.19629988,0.002954892,0.007867162,0.019240541,0.019240541,0.038481081,mke,1,0,1,1,0,1,6.0,0,3.5,999,1,1,1,2,1
189,9/30/2020 10:54,16,4,4,13.3931713,0,0.0,4,1,0,3,13.3931713,0.002954892,0.004720297,0.057721622,0.0,0.057721622,mke,1,0,1,1,0,1,6.0,0,3.5,999,1,1,1,2,1
190,9/30/2020 10:56,22,10,9,8.099270315,1,9.759333333,3,1,1,1,8.929301824,0.002954892,0.003146865,0.019240541,0.019240541,0.038481081,mke,1,0,1,1,0,1,6.0,0,3.5,999,1,1,1,2,1
191,9/30/2020 10:58,21,8,2,22.85381503,2,14.01702532,4,1,1,1,18.43542017,0.002954892,0.004720297,0.019240541,0.019240541,0.038481081,mke,1,0,1,1,0,1,6.0,0,3.5,999,1,1,1,2,1
192,9/30/2020 11:00,23,7,4,11.95607558,1,14.46122807,4,1,1,1,13.20865183,0.002954892,0.004720297,0.019240541,0.019240541,0.038481081,mke,1,0,1,1,0,1,6.0,0,3.5,999,1,1,1,2,1
193,9/30/2020 11:02,26,8,6,14.35884161,0,0.0,5,1,0,1,14.35884161,0.002954892,0.00629373,0.019240541,0.0,0.019240541,mke,1,0,1,1,0,1,6.0,0,3.5,999,1,1,1,2,1
194,9/30/2020 11:04,18,9,6,8.283426501,1,14.966,2,1,1,2,11.62471325,0.002954892,0.001573432,0.038481081,0.019240541,0.057721622,mke,1,0,1,1,0,1,6.0,0,3.5,999,1,1,1,2,1
195,9/30/2020 11:06,4,2,8,11.20656442,0,0.0,1,1,0,2,11.20656442,0.002954892,0.0,0.038481081,0.0,0.038481081,mke,1,0,1,1,0,1,6.0,0,3.5,999,1,1,1,2,1
